mcc_code,agrupacion_rubro_gsauma,descripcion_nacional,glosa_mcc,descripcion_mcc
4722,AGENCIAS DE VIAJES,FEE TRANSPORTES,SERVICIOS DE TRANSPORTE,AGENCIAS DE VIAJE Y OPERADORES TURÍSTICOS
4722,AGENCIAS DE VIAJES,RESTAURANTES,SERVICIOS DE TRANSPORTE,AGENCIAS DE VIAJE Y OPERADORES TURÍSTICOS
4722,AGENCIAS DE VIAJES,OPERADORES MAYORISTAS,SERVICIOS DE TRANSPORTE,AGENCIAS DE VIAJE Y OPERADORES TURÍSTICOS
4722,AGENCIAS DE VIAJES,MINORISTAS PUROS,SERVICIOS DE TRANSPORTE,AGENCIAS DE VIAJE Y OPERADORES TURÍSTICOS
4722,AGENCIAS DE VIAJES,MINORISTAS DUALES,SERVICIOS DE TRANSPORTE,AGENCIAS DE VIAJE Y OPERADORES TURÍSTICOS
5541,BENCINAS,COMBUSTIBLES COPEC,VEHICULOS,"ESTACIONES DE SERVICIO (CON O SIN SERVICIOS DE ASISTENCIA) / GRIFOS, SERVICIO Y EXPENDIO DE GASOLINA"
5541,BENCINAS,COMBUSTIBLES,VEHICULOS,"ESTACIONES DE SERVICIO (CON O SIN SERVICIOS DE ASISTENCIA) / GRIFOS, SERVICIO Y EXPENDIO DE GASOLINA"
5541,BENCINAS,COMBUSTIBLES SHELL,VEHICULOS,"ESTACIONES DE SERVICIO (CON O SIN SERVICIOS DE ASISTENCIA) / GRIFOS, SERVICIO Y EXPENDIO DE GASOLINA"
5541,BENCINAS,COMBUSTIBLES PETROBRAS,VEHICULOS,"ESTACIONES DE SERVICIO (CON O SIN SERVICIOS DE ASISTENCIA) / GRIFOS, SERVICIO Y EXPENDIO DE GASOLINA"
5541,BENCINAS,,VEHICULOS,"ESTACIONES DE SERVICIO (CON O SIN SERVICIOS DE ASISTENCIA) / GRIFOS, SERVICIO Y EXPENDIO DE GASOLINA"
5541,BENCINAS,,VEHICULOS,"ESTACIONES DE SERVICIO (CON O SIN SERVICIOS DE ASISTENCIA) / GRIFOS, SERVICIO Y EXPENDIO DE GASOLINA"
6211,BROKERS Y PASARELAS DE PAGO,OFICINAS DE INGENIERIA,INTERMEDIACION FINANCIERA,"CORREDORES / NEGOCIANTES DE SEGURIDAD FINANCIERA (VALORES, CORREDORES DE BOLSA Y COMERCIALES)  (AGRUPA RUBROS: 6211-6300)"
6211,BROKERS Y PASARELAS DE PAGO,CORREDORES SEGUROS,INTERMEDIACION FINANCIERA,"CORREDORES / NEGOCIANTES DE SEGURIDAD FINANCIERA (VALORES, CORREDORES DE BOLSA Y COMERCIALES)  (AGRUPA RUBROS: 6211-6300)"
6300,BROKERS Y PASARELAS DE PAGO,CORREDORES SEGUROS,INTERMEDIACION FINANCIERA,"VENTAS DE SEGUROS, GARANTÍAS Y PRIMAS (AGRUPA RUBROS: 6211-6300)"
6211,BROKERS Y PASARELAS DE PAGO,BANCA SEGUROS,INTERMEDIACION FINANCIERA,"CORREDORES / NEGOCIANTES DE SEGURIDAD FINANCIERA (VALORES, CORREDORES DE BOLSA Y COMERCIALES)  (AGRUPA RUBROS: 6211-6300)"
6300,BROKERS Y PASARELAS DE PAGO,BANCA SEGUROS,INTERMEDIACION FINANCIERA,"VENTAS DE SEGUROS, GARANTÍAS Y PRIMAS (AGRUPA RUBROS: 6211-6300)"
6211,BROKERS Y PASARELAS DE PAGO,AFP,INTERMEDIACION FINANCIERA,"CORREDORES / NEGOCIANTES DE SEGURIDAD FINANCIERA (VALORES, CORREDORES DE BOLSA Y COMERCIALES)  (AGRUPA RUBROS: 6211-6300)"
6211,BROKERS Y PASARELAS DE PAGO,SEGUROS DE VIDA,INTERMEDIACION FINANCIERA,"CORREDORES / NEGOCIANTES DE SEGURIDAD FINANCIERA (VALORES, CORREDORES DE BOLSA Y COMERCIALES)  (AGRUPA RUBROS: 6211-6300)"
6300,BROKERS Y PASARELAS DE PAGO,SEGUROS DE VIDA,INTERMEDIACION FINANCIERA,"VENTAS DE SEGUROS, GARANTÍAS Y PRIMAS (AGRUPA RUBROS: 6211-6300)"
6211,BROKERS Y PASARELAS DE PAGO,SEGUROS GENERALES,INTERMEDIACION FINANCIERA,"CORREDORES / NEGOCIANTES DE SEGURIDAD FINANCIERA (VALORES, CORREDORES DE BOLSA Y COMERCIALES)  (AGRUPA RUBROS: 6211-6300)"
6300,BROKERS Y PASARELAS DE PAGO,SEGUROS GENERALES,INTERMEDIACION FINANCIERA,"VENTAS DE SEGUROS, GARANTÍAS Y PRIMAS (AGRUPA RUBROS: 6211-6300)"
6211,BROKERS Y PASARELAS DE PAGO,AVANCE EN EFECTIVO,INTERMEDIACION FINANCIERA,"CORREDORES / NEGOCIANTES DE SEGURIDAD FINANCIERA (VALORES, CORREDORES DE BOLSA Y COMERCIALES)  (AGRUPA RUBROS: 6211-6300)"
6211,BROKERS Y PASARELAS DE PAGO,INSTITUCIONES FINANCIERAS,INTERMEDIACION FINANCIERA,"CORREDORES / NEGOCIANTES DE SEGURIDAD FINANCIERA (VALORES, CORREDORES DE BOLSA Y COMERCIALES)  (AGRUPA RUBROS: 6211-6300)"
6211,BROKERS Y PASARELAS DE PAGO,HOSPITALES,INTERMEDIACION FINANCIERA,"CORREDORES / NEGOCIANTES DE SEGURIDAD FINANCIERA (VALORES, CORREDORES DE BOLSA Y COMERCIALES)  (AGRUPA RUBROS: 6211-6300)"
6300,BROKERS Y PASARELAS DE PAGO,ISAPRES,INTERMEDIACION FINANCIERA,"VENTAS DE SEGUROS, GARANTÍAS Y PRIMAS (AGRUPA RUBROS: 6211-6300)"
6211,BROKERS Y PASARELAS DE PAGO,SERVICIOS INTERNET,INTERMEDIACION FINANCIERA,"CORREDORES / NEGOCIANTES DE SEGURIDAD FINANCIERA (VALORES, CORREDORES DE BOLSA Y COMERCIALES)  (AGRUPA RUBROS: 6211-6300)"
6211,BROKERS Y PASARELAS DE PAGO,ADMINISTRADORES DE FONDOS MUTUOS,INTERMEDIACION FINANCIERA,"CORREDORES / NEGOCIANTES DE SEGURIDAD FINANCIERA (VALORES, CORREDORES DE BOLSA Y COMERCIALES)  (AGRUPA RUBROS: 6211-6300)"
6211,BROKERS Y PASARELAS DE PAGO,ADMINISTRADORES DE FONDOS DE VIVIENDA,INTERMEDIACION FINANCIERA,"CORREDORES / NEGOCIANTES DE SEGURIDAD FINANCIERA (VALORES, CORREDORES DE BOLSA Y COMERCIALES)  (AGRUPA RUBROS: 6211-6300)"
6211,BROKERS Y PASARELAS DE PAGO,ADMINISTRADORES DE FONDOS DE INVERSISN,INTERMEDIACION FINANCIERA,"CORREDORES / NEGOCIANTES DE SEGURIDAD FINANCIERA (VALORES, CORREDORES DE BOLSA Y COMERCIALES)  (AGRUPA RUBROS: 6211-6300)"
6211,BROKERS Y PASARELAS DE PAGO,CORREDORES DE BOLSA,INTERMEDIACION FINANCIERA,"CORREDORES / NEGOCIANTES DE SEGURIDAD FINANCIERA (VALORES, CORREDORES DE BOLSA Y COMERCIALES)  (AGRUPA RUBROS: 6211-6300)"
6211,BROKERS Y PASARELAS DE PAGO,MUTUARIAS,INTERMEDIACION FINANCIERA,"CORREDORES / NEGOCIANTES DE SEGURIDAD FINANCIERA (VALORES, CORREDORES DE BOLSA Y COMERCIALES)  (AGRUPA RUBROS: 6211-6300)"
6211,BROKERS Y PASARELAS DE PAGO,AGENCIAS DE VALORES,INTERMEDIACION FINANCIERA,"CORREDORES / NEGOCIANTES DE SEGURIDAD FINANCIERA (VALORES, CORREDORES DE BOLSA Y COMERCIALES)  (AGRUPA RUBROS: 6211-6300)"
6211,BROKERS Y PASARELAS DE PAGO,EMPRESAS DE FACTORING,INTERMEDIACION FINANCIERA,"CORREDORES / NEGOCIANTES DE SEGURIDAD FINANCIERA (VALORES, CORREDORES DE BOLSA Y COMERCIALES)  (AGRUPA RUBROS: 6211-6300)"
6211,BROKERS Y PASARELAS DE PAGO,OTROS SERVICIOS FINANCIEROS,INTERMEDIACION FINANCIERA,"CORREDORES / NEGOCIANTES DE SEGURIDAD FINANCIERA (VALORES, CORREDORES DE BOLSA Y COMERCIALES)  (AGRUPA RUBROS: 6211-6300)"
8062,CLÍNICAS,CENTROS MEDICOS,SERVICIOS MEDICOS,HOSPITALES (CLINICAS Y CENTROS MEDICOS)
8062,CLÍNICAS,CLINICAS (MEDICAS),SERVICIOS MEDICOS,HOSPITALES (CLINICAS Y CENTROS MEDICOS)
8062,CLÍNICAS,CLINICAS DENTALES,SERVICIOS MEDICOS,HOSPITALES (CLINICAS Y CENTROS MEDICOS)
8062,CLÍNICAS,CLINICAS PSIQUIATRAS,SERVICIOS MEDICOS,HOSPITALES (CLINICAS Y CENTROS MEDICOS)
8062,CLÍNICAS,HOSPITALES,SERVICIOS MEDICOS,HOSPITALES (CLINICAS Y CENTROS MEDICOS)
5511,COMPRA VENTA DE AUTOS,FINANCIAMIENTO AUTOMOTRIZ,VEHICULOS,"COMERCIANTES DE AUTOS Y CAMIONES (NUEVOS Y USADOS) VENTAS, SERVICIO, REPARACIONES, PARTES Y ARRENDAMIENTO."
5511,COMPRA VENTA DE AUTOS,COMPRA VENTA DE AUTOS,VEHICULOS,"COMERCIANTES DE AUTOS Y CAMIONES (NUEVOS Y USADOS) VENTAS, SERVICIO, REPARACIONES, PARTES Y ARRENDAMIENTO."
5511,COMPRA VENTA DE AUTOS,IMPORTADORES Y DISTRIBUIDORES DE AUTOS,VEHICULOS,"COMERCIANTES DE AUTOS Y CAMIONES (NUEVOS Y USADOS) VENTAS, SERVICIO, REPARACIONES, PARTES Y ARRENDAMIENTO."
5511,COMPRA VENTA DE AUTOS,REPUESTOS Y ACCESORIOS,VEHICULOS,"COMERCIANTES DE AUTOS Y CAMIONES (NUEVOS Y USADOS) VENTAS, SERVICIO, REPARACIONES, PARTES Y ARRENDAMIENTO."
8211,EDUCACIÓN BÁSICA,INST. PROFESIONALES Y CENTRO FORMACION TECNICA,SERVICIOS LEGALES Y DE ENSEÑANZA,ESCUELAS PRIMARIAS Y SECUNDARIAS
8211,EDUCACIÓN BÁSICA,COLEGIOS Y ESTABLECIMIENTOS EDUCACIONALES,SERVICIOS LEGALES Y DE ENSEÑANZA,ESCUELAS PRIMARIAS Y SECUNDARIAS
8211,EDUCACIÓN BÁSICA,COLEGIOS AFINIDADES,SERVICIOS LEGALES Y DE ENSEÑANZA,ESCUELAS PRIMARIAS Y SECUNDARIAS
8211,EDUCACIÓN BÁSICA,SERV. DE EDUCACION NO CLASIFICADOS EN OTRO LUGAR,SERVICIOS LEGALES Y DE ENSEÑANZA,ESCUELAS PRIMARIAS Y SECUNDARIAS
8211,EDUCACIÓN BÁSICA,FUNDACIONES BENEFICAS,SERVICIOS LEGALES Y DE ENSEÑANZA,ESCUELAS PRIMARIAS Y SECUNDARIAS
8220,EDUCACIÓN SUPERIOR,ESCUELAS DE IDIOMAS,SERVICIOS LEGALES Y DE ENSEÑANZA,"UNIVERSIDADES, ESCUELAS PROFESIONALES, INSTITUTOS (SOLO ENTIDADES DE EDUCACIÓN SUPERIOR)"
8220,EDUCACIÓN SUPERIOR,PREUNIVERSITARIOS,SERVICIOS LEGALES Y DE ENSEÑANZA,"UNIVERSIDADES, ESCUELAS PROFESIONALES, INSTITUTOS (SOLO ENTIDADES DE EDUCACIÓN SUPERIOR)"
8220,EDUCACIÓN SUPERIOR,UNIVERSIDADES AFINIDADES,SERVICIOS LEGALES Y DE ENSEÑANZA,"UNIVERSIDADES, ESCUELAS PROFESIONALES, INSTITUTOS (SOLO ENTIDADES DE EDUCACIÓN SUPERIOR)"
8220,EDUCACIÓN SUPERIOR,UNIVERSIDADES,SERVICIOS LEGALES Y DE ENSEÑANZA,"UNIVERSIDADES, ESCUELAS PROFESIONALES, INSTITUTOS (SOLO ENTIDADES DE EDUCACIÓN SUPERIOR)"
8220,EDUCACIÓN SUPERIOR,FUNDACIONES NO BENEFICAS,SERVICIOS LEGALES Y DE ENSEÑANZA,"UNIVERSIDADES, ESCUELAS PROFESIONALES, INSTITUTOS (SOLO ENTIDADES DE EDUCACIÓN SUPERIOR)"
8220,EDUCACIÓN SUPERIOR,CLINICAS VETERINARIAS,SERVICIOS LEGALES Y DE ENSEÑANZA,"UNIVERSIDADES, ESCUELAS PROFESIONALES, INSTITUTOS (SOLO ENTIDADES DE EDUCACIÓN SUPERIOR)"
5912,FARMACIAS,CENTROS MEDICOS,TIENDAS ESPECIALIZADAS ,FARMACÉUTICOS Y FARMACIAS (DROGUERIAS Y PERFUMERIAS)
5912,FARMACIAS,FARMACIAS,TIENDAS ESPECIALIZADAS ,FARMACÉUTICOS Y FARMACIAS (DROGUERIAS Y PERFUMERIAS)
5912,FARMACIAS,HOMEOPATIAS,TIENDAS ESPECIALIZADAS ,FARMACÉUTICOS Y FARMACIAS (DROGUERIAS Y PERFUMERIAS)
5311,GRANDES TIENDAS,SUPERMERCADOS CASO A CASO,MERCADERIA EN GENERAL,TIENDAS POR DEPARTAMENTOS
5311,GRANDES TIENDAS,GRANDES TIENDAS,MERCADERIA EN GENERAL,TIENDAS POR DEPARTAMENTOS
5311,GRANDES TIENDAS,TIENDAS POR DEPARTAMENTO,MERCADERIA EN GENERAL,TIENDAS POR DEPARTAMENTOS
5311,GRANDES TIENDAS,ARTICULOS ELECTRONICOS,MERCADERIA EN GENERAL,TIENDAS POR DEPARTAMENTOS
5311,GRANDES TIENDAS,FERRETERIAS,MERCADERIA EN GENERAL,TIENDAS POR DEPARTAMENTOS
5311,GRANDES TIENDAS,HOMECENTERS,MERCADERIA EN GENERAL,TIENDAS POR DEPARTAMENTOS
9399,IMPUESTOS,ADMINISTRADORES DE PUERTOS,GOBIERNO,Municipalidades (SE AGRUPAN RUBROS: 9311-9399)
9311,IMPUESTOS,PODER EJECUTIVO,GOBIERNO,PAGOS DE IMPUESTOS (SE AGRUPAN RUBROS: 9311-9399)
9399,IMPUESTOS,MUNICIPALIDADES,GOBIERNO,Municipalidades (SE AGRUPAN RUBROS: 9311-9399)
4511,LÍNEAS AÉREAS,AEROLINEAS ARGENTINAS,SERVICIOS DE TRANSPORTE,AEROLÍNEAS Y TRANSPORTE AÉREO – NO CLASIFICADO EN OTRO MCC
4511,LÍNEAS AÉREAS,AEROMEXICO,SERVICIOS DE TRANSPORTE,AEROLÍNEAS Y TRANSPORTE AÉREO – NO CLASIFICADO EN OTRO MCC
4511,LÍNEAS AÉREAS,AVIANCA,SERVICIOS DE TRANSPORTE,AEROLÍNEAS Y TRANSPORTE AÉREO – NO CLASIFICADO EN OTRO MCC
4511,LÍNEAS AÉREAS,ALITALIA,SERVICIOS DE TRANSPORTE,AEROLÍNEAS Y TRANSPORTE AÉREO – NO CLASIFICADO EN OTRO MCC
4511,LÍNEAS AÉREAS,AMERICAN AIRLINES,SERVICIOS DE TRANSPORTE,AEROLÍNEAS Y TRANSPORTE AÉREO – NO CLASIFICADO EN OTRO MCC
4511,LÍNEAS AÉREAS,COPA,SERVICIOS DE TRANSPORTE,AEROLÍNEAS Y TRANSPORTE AÉREO – NO CLASIFICADO EN OTRO MCC
4511,LÍNEAS AÉREAS,IBERIA,SERVICIOS DE TRANSPORTE,AEROLÍNEAS Y TRANSPORTE AÉREO – NO CLASIFICADO EN OTRO MCC
4511,LÍNEAS AÉREAS,KLM,SERVICIOS DE TRANSPORTE,AEROLÍNEAS Y TRANSPORTE AÉREO – NO CLASIFICADO EN OTRO MCC
4511,LÍNEAS AÉREAS,QANTAS,SERVICIOS DE TRANSPORTE,AEROLÍNEAS Y TRANSPORTE AÉREO – NO CLASIFICADO EN OTRO MCC
4511,LÍNEAS AÉREAS,UNITED AIRLINES,SERVICIOS DE TRANSPORTE,AEROLÍNEAS Y TRANSPORTE AÉREO – NO CLASIFICADO EN OTRO MCC
4511,LÍNEAS AÉREAS,AIR FRANCE,SERVICIOS DE TRANSPORTE,AEROLÍNEAS Y TRANSPORTE AÉREO – NO CLASIFICADO EN OTRO MCC
4511,LÍNEAS AÉREAS,LINEAS AEREAS,SERVICIOS DE TRANSPORTE,AEROLÍNEAS Y TRANSPORTE AÉREO – NO CLASIFICADO EN OTRO MCC
8249,OTROS RUBROS,INST. PROFESIONALES Y CENTRO FORMACION TECNICA,SERVICIOS LEGALES Y DE ENSEÑANZA,ESCUELAS VOCACIONALES Y DE OFICIO
8299,OTROS RUBROS,INST. PROFESIONALES Y CENTRO FORMACION TECNICA,SERVICIOS LEGALES Y DE ENSEÑANZA,ESCUELAS Y SERVICIOS EDUCACIONALES (NO CLASIFICADOS EN OTROS MCC)
7911,OTROS RUBROS,ACADEMIAS DE MUSICA Y DANZA,SERVICIOS DE RECREACION,"SALONES DE BAILE, ESTUDIOS Y ESCUELAS"
8299,OTROS RUBROS,ACADEMIAS DE MUSICA Y DANZA,SERVICIOS LEGALES Y DE ENSEÑANZA,ESCUELAS Y SERVICIOS EDUCACIONALES (NO CLASIFICADOS EN OTROS MCC)
8299,OTROS RUBROS,ESCUELAS DE IDIOMAS,SERVICIOS LEGALES Y DE ENSEÑANZA,ESCUELAS Y SERVICIOS EDUCACIONALES (NO CLASIFICADOS EN OTROS MCC)
8641,OTROS RUBROS,COLEGIOS Y ESTABLECIMIENTOS EDUCACIONALES,ORGANIZACIONES Y ASOCIACIONES,"ASOCIACIONES CÍVICAS, SOCIALES Y FRATERNALES Y COLEGIOS PROFESIONALES"
8299,OTROS RUBROS,PREUNIVERSITARIOS,SERVICIOS LEGALES Y DE ENSEÑANZA,ESCUELAS Y SERVICIOS EDUCACIONALES (NO CLASIFICADOS EN OTROS MCC)
8351,OTROS RUBROS,JARDINES INFANTILES,ORGANIZACIONES Y ASOCIACIONES,SERVICIOS DE CUIDADO INFANTIL (GUARDERIAS)
8351,OTROS RUBROS,SALAS CUNAS,ORGANIZACIONES Y ASOCIACIONES,SERVICIOS DE CUIDADO INFANTIL (GUARDERIAS)
8641,OTROS RUBROS,UNIVERSIDADES AFINIDADES,ORGANIZACIONES Y ASOCIACIONES,"ASOCIACIONES CÍVICAS, SOCIALES Y FRATERNALES Y COLEGIOS PROFESIONALES"
8641,OTROS RUBROS,UNIVERSIDADES,ORGANIZACIONES Y ASOCIACIONES,"ASOCIACIONES CÍVICAS, SOCIALES Y FRATERNALES Y COLEGIOS PROFESIONALES"
8299,OTROS RUBROS,SERV. DE EDUCACION NO CLASIFICADOS EN OTRO LUGAR,SERVICIOS LEGALES Y DE ENSEÑANZA,ESCUELAS Y SERVICIOS EDUCACIONALES (NO CLASIFICADOS EN OTROS MCC)
8641,OTROS RUBROS,ABOGADOS,ORGANIZACIONES Y ASOCIACIONES,"ASOCIACIONES CÍVICAS, SOCIALES Y FRATERNALES Y COLEGIOS PROFESIONALES"
8111,OTROS RUBROS,ABOGADOS,SERVICIOS LEGALES Y DE ENSEÑANZA,SERVICIOS LEGALES Y ABOGADOS
8911,OTROS RUBROS,OFICINAS DE INGENIERIA,ORGANIZACIONES Y ASOCIACIONES,SERVICIOS PROFESIONALES (NO CLASIFICADOS EN OTRO MCC)
8911,OTROS RUBROS,OFICINAS DE ARQUITECTURA,ORGANIZACIONES Y ASOCIACIONES,SERVICIOS PROFESIONALES (NO CLASIFICADOS EN OTRO MCC)
8911,OTROS RUBROS,ARQUITECTOS,ORGANIZACIONES Y ASOCIACIONES,SERVICIOS PROFESIONALES (NO CLASIFICADOS EN OTRO MCC)
8641,OTROS RUBROS,COLEGIOS Y AGRUPACIONES PROFESIONALES,ORGANIZACIONES Y ASOCIACIONES,"ASOCIACIONES CÍVICAS, SOCIALES Y FRATERNALES Y COLEGIOS PROFESIONALES"
6513,OTROS RUBROS,INMOBILIARIAS,SERVICIOS DE ALOJAMIENTO,AGENTES DE BIENES INMOBILIARIOS - ALQUILER
7011,OTROS RUBROS,INMOBILIARIAS,SERVICIOS DE ALOJAMIENTO,"HOSPEDAJE - HOTELES, MOTELES, CENTROS TURÍSTICOS, SERVICIOS DE CENTRALES DE RESERVAS (NO CLASIFICADO EN OTRO MCC)."
7299,OTROS RUBROS,INMOBILIARIAS,SERVICIOS PERSONALES,SERVICIOS PERSONALES MISCELANEOS – NO CLASIFICADO EN OTRO MCC
1520,OTROS RUBROS,SERVICIOS CONTRATISTAS MENORES,CONSTRUCCION,CONTRATISTAS GENERALES – RESIDENCIAL Y COMERCIAL
8249,OTROS RUBROS,SERVICIOS CONTRATISTAS MENORES,SERVICIOS LEGALES Y DE ENSEÑANZA,ESCUELAS VOCACIONALES Y DE OFICIO
1520,OTROS RUBROS,CONSTRUCTORAS,CONSTRUCCION,CONTRATISTAS GENERALES – RESIDENCIAL Y COMERCIAL
1799,OTROS RUBROS,OTROS CONTRATISTAS,CONSTRUCCION,CONTRATISTAS CON OFICIO ESPECIAL (NO CLASIFICADO EN OTRO MCC)
8111,OTROS RUBROS,CONSERVADORES,SERVICIOS LEGALES Y DE ENSEÑANZA,SERVICIOS LEGALES Y ABOGADOS
8931,OTROS RUBROS,SERVICIOS DE CONTABILIDAD Y AUDITORIA,ORGANIZACIONES Y ASOCIACIONES,SERVICIOS PROFESIONALES (NO CLASIFICADOS EN OTRO MCC)
8111,OTROS RUBROS,NOTARIAS,SERVICIOS LEGALES Y DE ENSEÑANZA,SERVICIOS LEGALES Y ABOGADOS
6513,OTROS RUBROS,CORREDORES DE PROPIEDADES,SERVICIOS DE ALOJAMIENTO,AGENTES DE BIENES INMOBILIARIOS - ALQUILER
7299,OTROS RUBROS,CORREDORES DE PROPIEDADES,SERVICIOS PERSONALES,SERVICIOS PERSONALES MISCELANEOS – NO CLASIFICADO EN OTRO MCC
8999,OTROS RUBROS,OTROS PROFESIONALES,ORGANIZACIONES Y ASOCIACIONES,SERVICIOS PROFESIONALES (NO CLASIFICADOS EN OTRO MCC)
7361,OTROS RUBROS,AGENCIA DE EMPLEO,SERVICIOS NO PERSONALES,AGENCIAS DE EMPLEOS Y SERVICIOS DE TRABAJADORES TEMPORALES
7299,OTROS RUBROS,TATUAJES Y PERFORACIONES DE PARTE DEL CUERPO,SERVICIOS PERSONALES,SERVICIOS PERSONALES MISCELANEOS – NO CLASIFICADO EN OTRO MCC
7230,OTROS RUBROS,PELUQUERIAS Y SALONES DE BELLEZA,SERVICIOS PERSONALES,PELUQUERÍAS Y BARBERÍAS.
7261,OTROS RUBROS,CEMENTERIOS,SERVICIOS PERSONALES,SERVICIOS FUNERARIOS Y CREMATORIOS
4784,OTROS RUBROS,PEAJES URBANOS E INTERURBANOS,SERVICIOS DE AUTOPISTAS,AUTOPISTAS URBANAS E INTERURBANAS
7338,OTROS RUBROS,FOTOCOPIAS,SERVICIOS NO PERSONALES,"COPIAS, REPRODUCCIÓN Y SERVICIOS DE PLOTEO."
7342,OTROS RUBROS,FUMIGACION Y DESINFECCION,SERVICIOS NO PERSONALES,SERVICIOS DE EXTERMINACIÓN Y DESINFECCIÓN.
7261,OTROS RUBROS,FUNERARIAS,SERVICIOS PERSONALES,SERVICIOS FUNERARIOS Y CREMATORIOS
1799,OTROS RUBROS,GASFITERIAS,CONSTRUCCION,CONTRATISTAS CON OFICIO ESPECIAL (NO CLASIFICADO EN OTRO MCC)
1799,OTROS RUBROS,CERRAJERIA,CONSTRUCCION,CONTRATISTAS CON OFICIO ESPECIAL (NO CLASIFICADO EN OTRO MCC)
1731,OTROS RUBROS,INSTALACIONES ELECTRICAS,CONSTRUCCION,CONTRATISTAS EN ELECTRICIDAD
1799,OTROS RUBROS,INSTALACIONES SANITARIAS,CONSTRUCCION,CONTRATISTAS CON OFICIO ESPECIAL (NO CLASIFICADO EN OTRO MCC)
7210,OTROS RUBROS,LAVANDERIAS Y TINTORERIAS,#N/A,#N/A
7217,OTROS RUBROS,LIMPIEZA DE ALFOMBRAS Y TAPICES,LIMPIEZA,LIMPIEZA DE ALFOMBRAS Y TAPICERÍA.
4214,OTROS RUBROS,MUDANZAS Y FLETES,SERVICIOS DE TRANSPORTE,"PORTADORES  MOTORIZADOS DE CARGA Y TRANSPORTE DE MERCANCÍAS – LOCAL Y LARGA DISTANCIA, COMPAÑÍAS DE RETIRO Y ALMACENAJE, Y SERVICIOS LOCALES DE ENTREGA"
4215,OTROS RUBROS,SERVICIOS COURIER,SERVICIOS DE TRANSPORTE,SERVICIOS DE ENVÍO – AÉREOS Y TERRESTRE Y REENVÍO DE CARGA
7230,OTROS RUBROS,PELUQUERIAS PARA CABALLEROS,SERVICIOS PERSONALES,PELUQUERÍAS Y BARBERÍAS.
7299,OTROS RUBROS,PELUQUERIAS PARA ANIMALES,SERVICIOS PERSONALES,SERVICIOS PERSONALES MISCELANEOS – NO CLASIFICADO EN OTRO MCC
5921,OTROS RUBROS,PELUQUERIAS PARA ANIMALES,TIENDAS ESPECIALIZADAS ,"LICORERÍAS – CERVEZA, VINOS Y BEBIDAS ALCOHÓLICAS (BOTILLERIAS)"
7622,OTROS RUBROS,REPARACION RADIO Y TELEVISION,#N/A,#N/A
8641,OTROS RUBROS,REVISTAS PERIODICOS Y SUSCRIPCIONES,ORGANIZACIONES Y ASOCIACIONES,"ASOCIACIONES CÍVICAS, SOCIALES Y FRATERNALES Y COLEGIOS PROFESIONALES"
5942,OTROS RUBROS,REVISTAS PERIODICOS Y SUSCRIPCIONES,TIENDAS ESPECIALIZADAS ,"TIENDAS DE LIBROS LIBRERIAS, IMPRENTAS Y EDITORIALES"
5968,OTROS RUBROS,REVISTAS PERIODICOS Y SUSCRIPCIONES,TIENDAS ESPECIALIZADAS ,MARKETING DIRECTO – COMERCIOS DE CONTINUIDAD/SUSCRIPCIÓN
5994,OTROS RUBROS,REVISTAS PERIODICOS Y SUSCRIPCIONES,TIENDAS ESPECIALIZADAS ,VENDEDORES DE PERIÓDICOS Y  KIOSCOS.
2741,OTROS RUBROS,REVISTAS PERIODICOS Y SUSCRIPCIONES,#N/A,#N/A
7230,OTROS RUBROS,SALONES DE BELLEZA Y COSMETOLOGIA,SERVICIOS PERSONALES,PELUQUERÍAS Y BARBERÍAS.
7230,OTROS RUBROS,SALONES DE ESTETICA CORPORAL,SERVICIOS PERSONALES,PELUQUERÍAS Y BARBERÍAS.
6513,OTROS RUBROS,ADMINISTRADORES DE EDIFICIOS Y CONDOMINIOS,SERVICIOS DE ALOJAMIENTO,AGENTES DE BIENES INMOBILIARIOS - ALQUILER
7299,OTROS RUBROS,ADMINISTRADORES DE EDIFICIOS Y CONDOMINIOS,SERVICIOS PERSONALES,SERVICIOS PERSONALES MISCELANEOS – NO CLASIFICADO EN OTRO MCC
7349,OTROS RUBROS,SERVICIOS DE ASEO Y MANTENCION,SERVICIOS NO PERSONALES,"SERVICIOS DE LIMPIEZA, MANTENIMIENTO Y CONSERJERÍA"
8351,OTROS RUBROS,NINERAS,ORGANIZACIONES Y ASOCIACIONES,SERVICIOS DE CUIDADO INFANTIL (GUARDERIAS)
4812,OTROS RUBROS,SERVICIOS TELECOMUNICACIONES,SERVICIOS DE COMUNICACION,VENTAS DE EQUIPOS DE TELECOMUNICACIÓN Y TELÉFONOS
4899,OTROS RUBROS,SERVICIOS TELECOMUNICACIONES,SERVICIOS DE COMUNICACION,CABLE SATELITE Y OTROS SERVICIOS PAGADOS DE TELEVISIÓN Y RADIO
4812,OTROS RUBROS,TELEFONIA MOVIL,SERVICIOS DE COMUNICACION,VENTAS DE EQUIPOS DE TELECOMUNICACIÓN Y TELÉFONOS
4899,OTROS RUBROS,TELEFONIA MOVIL,SERVICIOS DE COMUNICACION,CABLE SATELITE Y OTROS SERVICIOS PAGADOS DE TELEVISIÓN Y RADIO
4899,OTROS RUBROS,TV CABLE/SERV.INTERNET,SERVICIOS DE COMUNICACION,CABLE SATELITE Y OTROS SERVICIOS PAGADOS DE TELEVISIÓN Y RADIO
4899,OTROS RUBROS,TELEFONIA FIJA,SERVICIOS DE COMUNICACION,CABLE SATELITE Y OTROS SERVICIOS PAGADOS DE TELEVISIÓN Y RADIO
8398,OTROS RUBROS,FUNDACIONES BENEFICAS,ORGANIZACIONES Y ASOCIACIONES,ORGANIZACIONES CARITATIVAS Y SERVICIOS SOCIALES (ORGANIZACIONES SIN FINES DE LUCRO)
8641,OTROS RUBROS,FUNDACIONES BENEFICAS,ORGANIZACIONES Y ASOCIACIONES,"ASOCIACIONES CÍVICAS, SOCIALES Y FRATERNALES Y COLEGIOS PROFESIONALES"
8641,OTROS RUBROS,FUNDACIONES NO BENEFICAS,ORGANIZACIONES Y ASOCIACIONES,"ASOCIACIONES CÍVICAS, SOCIALES Y FRATERNALES Y COLEGIOS PROFESIONALES"
8398,OTROS RUBROS,AFINIDADES BENEFICAS,ORGANIZACIONES Y ASOCIACIONES,ORGANIZACIONES CARITATIVAS Y SERVICIOS SOCIALES (ORGANIZACIONES SIN FINES DE LUCRO)
8641,OTROS RUBROS,AFINIDADES BENEFICAS,ORGANIZACIONES Y ASOCIACIONES,"ASOCIACIONES CÍVICAS, SOCIALES Y FRATERNALES Y COLEGIOS PROFESIONALES"
8641,OTROS RUBROS,AFINIDADES NO BENEFICAS,ORGANIZACIONES Y ASOCIACIONES,"ASOCIACIONES CÍVICAS, SOCIALES Y FRATERNALES Y COLEGIOS PROFESIONALES"
8651,OTROS RUBROS,PARTIDOS POLITICOS,#N/A,#N/A
7393,OTROS RUBROS,SERVICIOS DE SEGURIDAD,SERVICIOS NO PERSONALES,"AGENCIAS DE DETECTIVES, SERVICIOS DE PROTECCIÓN, Y SERVICIOS DE SEGURIDAD, INCLUYENDO VEHÍCULOS BLINDADOS, Y PERROS GUARDIANES"
7399,OTROS RUBROS,TRANSBANK,SERVICIOS NO PERSONALES,"SERVICIOS DE NEGOCIOS (NO CLASIFICADOS EN OTRO MCC (CONGRESOS Y EVENTOS, ACTIVIDADES NO CLASIFICADAS)"
6051,OTROS RUBROS,CASAS DE CAMBIO,INTERMEDIACION FINANCIERA,"INSTITUCIONES NO FINANCIERAS - MONEDA EXTRANJERA, GIROS (NO TRANSFERENCIAS DE EFECTIVO), CHEQUES DE VIAJERO"
5732,OTROS RUBROS,TELEFONIA FIJA VIP,ARTICULOS Y/O EQUIPOS PARA EL HOGAR,TIENDAS DE ELECTRONICOS
4899,OTROS RUBROS,TELEFONIA FIJA VIP,SERVICIOS DE COMUNICACION,CABLE SATELITE Y OTROS SERVICIOS PAGADOS DE TELEVISIÓN Y RADIO
5962,OTROS RUBROS,MEMBRESIAS DE SERVICIOS TURISTICOS,TIENDAS ESPECIALIZADAS ,MARKETING DIRECTO – SERVICIOS DE ACUERDOS RELACIONADOS CON VIAJES
8999,OTROS RUBROS,OTROS SERVICIOS DEL RUBRO SERVICIOS,ORGANIZACIONES Y ASOCIACIONES,SERVICIOS PROFESIONALES (NO CLASIFICADOS EN OTRO MCC)
6012,OTROS RUBROS,TRANSACCIONES DE EMISORES NACIONALES,INTERMEDIACION FINANCIERA,INSTITUCIONES FINANCIERAS – MERCANCIA Y SERVICIOS
8999,OTROS RUBROS,ALIMENTOS EN GENERAL,ORGANIZACIONES Y ASOCIACIONES,SERVICIOS PROFESIONALES (NO CLASIFICADOS EN OTRO MCC)
5251,OTROS RUBROS,ALIMENTOS EN GENERAL,VIVIENDA,FERRETERIAS
5199,OTROS RUBROS,ALIMENTOS EN GENERAL,#N/A,#N/A
5921,OTROS RUBROS,BOTILLERIAS,TIENDAS ESPECIALIZADAS ,"LICORERÍAS – CERVEZA, VINOS Y BEBIDAS ALCOHÓLICAS (BOTILLERIAS)"
921,OTROS RUBROS,BOTILLERIAS,#N/A,#N/A
5422,OTROS RUBROS,"CARNICERIAS, FRIGORIFICOS",ALIMENTOS EN GENERAL,"MERCADOS Y MINORISTAS, ALMACENAJE REFRIGERADO Y PRODUCTOS A GRANEL DE CARNE."
7011,OTROS RUBROS,COMIDAS PREPARADAS,SERVICIOS DE ALOJAMIENTO,"HOSPEDAJE - HOTELES, MOTELES, CENTROS TURÍSTICOS, SERVICIOS DE CENTRALES DE RESERVAS (NO CLASIFICADO EN OTRO MCC)."
5462,OTROS RUBROS,FAST FOOD,ALIMENTOS EN GENERAL,PASTELERÍAS.
5441,OTROS RUBROS,CONFITERIAS Y BOMBONERIAS,ALIMENTOS EN GENERAL,"DULCERÍAS (TIENDAS DE DULCES, NUECES Y CONFITERÍAS)."
5462,OTROS RUBROS,CONFITERIAS Y BOMBONERIAS,ALIMENTOS EN GENERAL,PASTELERÍAS.
5462,OTROS RUBROS,PANADERIAS,ALIMENTOS EN GENERAL,PASTELERÍAS.
5462,OTROS RUBROS,PASTELERIAS,ALIMENTOS EN GENERAL,PASTELERÍAS.
5422,OTROS RUBROS,PESCADERIAS (MARISCOS),ALIMENTOS EN GENERAL,"MERCADOS Y MINORISTAS, ALMACENAJE REFRIGERADO Y PRODUCTOS A GRANEL DE CARNE."
5712,OTROS RUBROS,SUPERMERCADOS,ARTICULOS Y/O EQUIPOS PARA EL HOGAR,"MUEBLES, TIENDAS DE MOBILIARIO Y EQUIPO PARA EL HOGAR, EXCEPTO APARATOS."
5921,OTROS RUBROS,VINOS Y LICORES,TIENDAS ESPECIALIZADAS ,"LICORERÍAS – CERVEZA, VINOS Y BEBIDAS ALCOHÓLICAS (BOTILLERIAS)"
3030,OTROS RUBROS,AEROLINEAS ARGENTINAS,#N/A,#N/A
3076,OTROS RUBROS,AEROMEXICO,#N/A,#N/A
3039,OTROS RUBROS,AVIANCA,#N/A,#N/A
3013,OTROS RUBROS,ALITALIA,#N/A,#N/A
3001,OTROS RUBROS,AMERICAN AIRLINES,#N/A,#N/A
3219,OTROS RUBROS,COPA,#N/A,#N/A
3102,OTROS RUBROS,IBERIA,#N/A,#N/A
3010,OTROS RUBROS,KLM,#N/A,#N/A
3082,OTROS RUBROS,KOREAN AIRLINES,#N/A,#N/A
3012,OTROS RUBROS,QANTAS,#N/A,#N/A
3015,OTROS RUBROS,SWISS,#N/A,#N/A
3000,OTROS RUBROS,UNITED AIRLINES,#N/A,#N/A
3007,OTROS RUBROS,AIR FRANCE,#N/A,#N/A
5422,OTROS RUBROS,,ALIMENTOS EN GENERAL,"MERCADOS Y MINORISTAS, ALMACENAJE REFRIGERADO Y PRODUCTOS A GRANEL DE CARNE."
4119,OTROS RUBROS,AMBULANCIA,SERVICIOS DE TRANSPORTE,SERVICIO DE AMBULANCIAS
8071,OTROS RUBROS,LABORATORIOS MEDICOS Y DENTALES,SERVICIOS MEDICOS,LABORATORIOS MÉDICOS Y DENTALES
8071,OTROS RUBROS,ARTICULOS MEDICOS Y DENTALES,SERVICIOS MEDICOS,LABORATORIOS MÉDICOS Y DENTALES
5047,OTROS RUBROS,ARTICULOS MEDICOS Y DENTALES,TIENDAS ESPECIALIZADAS ,"EQUIPOS Y SUMINISTROS MÉDICOS, DENTALES, OFTALMOLÓGICO Y HOSPITALES."
5976,OTROS RUBROS,ARTICULOS ORTOPEDICOS,TIENDAS ESPECIALIZADAS ,MERCANCÍAS ORTOPÉDICAS – DISPOSITIVO PROTÉTICOS  (APARATOS ORTOPEDICOS)
8050,OTROS RUBROS,CASAS DE REPOSO,SERVICIOS MEDICOS,LOCALES DE ENFERMERÍA Y CUIDADO PERSONAL (CASAS DE REPOSO)
8641,OTROS RUBROS,ENTIDADES GREMIALES,ORGANIZACIONES Y ASOCIACIONES,"ASOCIACIONES CÍVICAS, SOCIALES Y FRATERNALES Y COLEGIOS PROFESIONALES"
8641,OTROS RUBROS,COOPERATIVAS,ORGANIZACIONES Y ASOCIACIONES,"ASOCIACIONES CÍVICAS, SOCIALES Y FRATERNALES Y COLEGIOS PROFESIONALES"
742,OTROS RUBROS,CLINICAS VETERINARIAS,AGROPECUARIA,SERVICIOS VETERINARIOS
742,OTROS RUBROS,SERVICIOS VETERINARIOS,AGROPECUARIA,SERVICIOS VETERINARIOS
8021,OTROS RUBROS,DENTISTAS,SERVICIOS MEDICOS,DENTISTAS Y ORTODONTISTAS
742,OTROS RUBROS,FARMACIAS,AGROPECUARIA,SERVICIOS VETERINARIOS
5047,OTROS RUBROS,FARMACIAS,TIENDAS ESPECIALIZADAS ,"EQUIPOS Y SUMINISTROS MÉDICOS, DENTALES, OFTALMOLÓGICO Y HOSPITALES."
8099,OTROS RUBROS,HOMEOPATIAS,SERVICIOS MEDICOS,SERVICIOS MÉDICOS Y PRACTICANTES DE LA SALUD – NO CLASIFICADOS EN OTRO MCC
8099,OTROS RUBROS,ISAPRES,SERVICIOS MEDICOS,SERVICIOS MÉDICOS Y PRACTICANTES DE LA SALUD – NO CLASIFICADOS EN OTRO MCC
8099,OTROS RUBROS,KINESIOLOGOS,SERVICIOS MEDICOS,SERVICIOS MÉDICOS Y PRACTICANTES DE LA SALUD – NO CLASIFICADOS EN OTRO MCC
8071,OTROS RUBROS,LABORATORIOS CLINICOS,SERVICIOS MEDICOS,LABORATORIOS MÉDICOS Y DENTALES
7297,OTROS RUBROS,SALONES DE MASAJE,SERVICIOS PERSONALES,SALONES DE MASAJES
8011,OTROS RUBROS,MEDICOS,SERVICIOS MEDICOS,DOCTORES Y MÉDICOS – NO CLASIFICADOS EN  OTRO MCC
8043,OTROS RUBROS,OPTICAS,SERVICIOS MEDICOS,"OCULISTAS, MERCANCÍAS ÓPTICAS Y ANTEOJOS"
8044,OTROS RUBROS,OPTICAS,#N/A,#N/A
8011,OTROS RUBROS,ORTOPEDISTAS,SERVICIOS MEDICOS,DOCTORES Y MÉDICOS – NO CLASIFICADOS EN  OTRO MCC
8049,OTROS RUBROS,PODOLOGISTAS,SERVICIOS MEDICOS,PODÓLOGOS Y PEDICUROS
8099,OTROS RUBROS,PRACTICANTES Y ENFERMERAS,SERVICIOS MEDICOS,SERVICIOS MÉDICOS Y PRACTICANTES DE LA SALUD – NO CLASIFICADOS EN OTRO MCC
8011,OTROS RUBROS,PSICOLOGOS Y PSIQUIATRAS,SERVICIOS MEDICOS,DOCTORES Y MÉDICOS – NO CLASIFICADOS EN  OTRO MCC
8071,OTROS RUBROS,RADIOLOGIA,SERVICIOS MEDICOS,LABORATORIOS MÉDICOS Y DENTALES
8099,OTROS RUBROS,OTROS DEL RUBRO SALUD,SERVICIOS MEDICOS,SERVICIOS MÉDICOS Y PRACTICANTES DE LA SALUD – NO CLASIFICADOS EN OTRO MCC
5462,OTROS RUBROS,CAFETERIAS Y SALONES DE TE,ALIMENTOS EN GENERAL,PASTELERÍAS.
7997,OTROS RUBROS,CLUBES SOCIALES,SERVICIOS DE RECREACION,"CLUBES DE MEMBRESÍA (DEPORTES, RECREACIÓN, ATLÉTICOS), CLUBES CAMPESTRES, Y CAMPOS PRIVADOS DE GOLF"
5994,OTROS RUBROS,CLUBES SOCIALES,TIENDAS ESPECIALIZADAS ,VENDEDORES DE PERIÓDICOS Y  KIOSCOS.
5816,OTROS RUBROS,,#N/A,#N/A
7832,OTROS RUBROS,CINES,SERVICIOS DE RECREACION,CINES
7999,OTROS RUBROS,TICKETERAS,SERVICIOS DE RECREACION,INTERNACIONAL: SERVICIOS DE RECREACIÓN – NO CLASIFICADO EN OTRO MCC
7995,OTROS RUBROS,APUESTAS Y JUEGOS DE AZAR,SERVICIOS DE RECREACION,"APUESTAS, INCLUYENDO BOLETOS DE LOTERÍA, FICHAS DE CASINO, APUESTAS FUERA DE LAS PISTAS, APUESTAS EN LAS PISTAS DE CARRERA"
7800,OTROS RUBROS,APUESTAS Y JUEGOS DE AZAR,#N/A,#N/A
7996,OTROS RUBROS,ENTRETENIMIENTOS ELECTRONICOS PARQUE DIVERSIONES,SERVICIOS DE RECREACION,"PARQUES DE DIVERSIÓN, CIRCOS, CARNAVALES Y LECTURA DE FORTUNA"
7995,OTROS RUBROS,CASINOS DE JUEGOS,SERVICIOS DE RECREACION,"APUESTAS, INCLUYENDO BOLETOS DE LOTERÍA, FICHAS DE CASINO, APUESTAS FUERA DE LAS PISTAS, APUESTAS EN LAS PISTAS DE CARRERA"
7999,OTROS RUBROS,CASINOS DE JUEGOS,SERVICIOS DE RECREACION,INTERNACIONAL: SERVICIOS DE RECREACIÓN – NO CLASIFICADO EN OTRO MCC
5310,OTROS RUBROS,CUPONERAS,MERCADERIA EN GENERAL,TIENDAS DE DESCUENTOS
8999,OTROS RUBROS,RESTAURANTES,ORGANIZACIONES Y ASOCIACIONES,SERVICIOS PROFESIONALES (NO CLASIFICADOS EN OTRO MCC)
7011,OTROS RUBROS,RESTAURANTES,SERVICIOS DE ALOJAMIENTO,"HOSPEDAJE - HOTELES, MOTELES, CENTROS TURÍSTICOS, SERVICIOS DE CENTRALES DE RESERVAS (NO CLASIFICADO EN OTRO MCC)."
7011,OTROS RUBROS,RESTAURANT DE HOTELES,SERVICIOS DE ALOJAMIENTO,"HOSPEDAJE - HOTELES, MOTELES, CENTROS TURÍSTICOS, SERVICIOS DE CENTRALES DE RESERVAS (NO CLASIFICADO EN OTRO MCC)."
7832,OTROS RUBROS,TEATROS,SERVICIOS DE RECREACION,CINES
5811,OTROS RUBROS,BANQUETEROS Y AFINES,CONSUMO DE ALIMENTOS Y BEBIDAS,SERVICIO DE CATERING (PROVEEDORES PARA FIESTAS Y BANQUETES)
7999,OTROS RUBROS,CENTROS INVERNALES,SERVICIOS DE RECREACION,INTERNACIONAL: SERVICIOS DE RECREACIÓN – NO CLASIFICADO EN OTRO MCC
7999,OTROS RUBROS,OTROS DEL RUBRO ENTRETENIMIENTO,SERVICIOS DE RECREACION,INTERNACIONAL: SERVICIOS DE RECREACIÓN – NO CLASIFICADO EN OTRO MCC
5941,OTROS RUBROS,ARMERIAS,TIENDAS ESPECIALIZADAS ,TIENDAS DE MERCANCÍAS DEPORTIVAS
5941,OTROS RUBROS,ARTICULOS PARA CAMPING,TIENDAS ESPECIALIZADAS ,TIENDAS DE MERCANCÍAS DEPORTIVAS
5998,OTROS RUBROS,ARTICULOS PARA CAMPING,TIENDAS ESPECIALIZADAS ,TIENDAS DE CARPAS Y TOLDOS
5940,OTROS RUBROS,ARTICULOS PARA DEPORTE Y CAMPING,TIENDAS ESPECIALIZADAS ,TIENDAS DE BICICLETAS – VENTAS Y SERVICIOS
5941,OTROS RUBROS,ARTICULOS PARA DEPORTE Y CAMPING,TIENDAS ESPECIALIZADAS ,TIENDAS DE MERCANCÍAS DEPORTIVAS
5941,OTROS RUBROS,VENTAS DE EMBARCACIONES Y AFINES,TIENDAS ESPECIALIZADAS ,TIENDAS DE MERCANCÍAS DEPORTIVAS
7933,OTROS RUBROS,CANCHAS PARA BOLOS,SERVICIOS DE RECREACION,CENTROS DE BOLOS (BOLICHE)
7032,OTROS RUBROS,CANCHAS DE TENIS Y CENTRO DEPORTIVOS,#N/A,#N/A
7941,OTROS RUBROS,CANCHAS DE TENIS Y CENTRO DEPORTIVOS,#N/A,#N/A
7999,OTROS RUBROS,ESTADIOS Y CLUBES DEPORTIVOS,SERVICIOS DE RECREACION,INTERNACIONAL: SERVICIOS DE RECREACIÓN – NO CLASIFICADO EN OTRO MCC
7032,OTROS RUBROS,ESTADIOS Y CLUBES DEPORTIVOS,#N/A,#N/A
7941,OTROS RUBROS,ESTADIOS Y CLUBES DEPORTIVOS,#N/A,#N/A
7997,OTROS RUBROS,GIMNASIOS E INSTITUTOS DE CULTURA FISICA,SERVICIOS DE RECREACION,"CLUBES DE MEMBRESÍA (DEPORTES, RECREACIÓN, ATLÉTICOS), CLUBES CAMPESTRES, Y CAMPOS PRIVADOS DE GOLF"
7999,OTROS RUBROS,GIMNASIOS E INSTITUTOS DE CULTURA FISICA,SERVICIOS DE RECREACION,INTERNACIONAL: SERVICIOS DE RECREACIÓN – NO CLASIFICADO EN OTRO MCC
7032,OTROS RUBROS,GIMNASIOS E INSTITUTOS DE CULTURA FISICA,#N/A,#N/A
7999,OTROS RUBROS,PISCINAS,SERVICIOS DE RECREACION,INTERNACIONAL: SERVICIOS DE RECREACIÓN – NO CLASIFICADO EN OTRO MCC
7032,OTROS RUBROS,PISCINAS,#N/A,#N/A
7995,OTROS RUBROS,HIPODROMOS,SERVICIOS DE RECREACION,"APUESTAS, INCLUYENDO BOLETOS DE LOTERÍA, FICHAS DE CASINO, APUESTAS FUERA DE LAS PISTAS, APUESTAS EN LAS PISTAS DE CARRERA"
7802,OTROS RUBROS,HIPODROMOS,#N/A,#N/A
5921,OTROS RUBROS,VESTUARIO DEPORTIVO,TIENDAS ESPECIALIZADAS ,"LICORERÍAS – CERVEZA, VINOS Y BEBIDAS ALCOHÓLICAS (BOTILLERIAS)"
5976,OTROS RUBROS,VESTUARIO DEPORTIVO,TIENDAS ESPECIALIZADAS ,MERCANCÍAS ORTOPÉDICAS – DISPOSITIVO PROTÉTICOS  (APARATOS ORTOPEDICOS)
5571,OTROS RUBROS,VESTUARIO DEPORTIVO,VEHICULOS,TIENDAS Y COMERCIANTES DE MOTOCICLETAS
5655,OTROS RUBROS,VESTUARIO DEPORTIVO,VESTIMENTA E INDUMENTARIA,TIENDAS DE ROPA DEPORTIVA Y PARA MONTAR
5655,OTROS RUBROS,OTROS DE DEPORTES NO CLASIFICADO,VESTIMENTA E INDUMENTARIA,TIENDAS DE ROPA DEPORTIVA Y PARA MONTAR
7941,OTROS RUBROS,OTROS DE DEPORTES NO CLASIFICADO,#N/A,#N/A
7538,OTROS RUBROS,COMPRA VENTA DE AUTOS,ALQUILER Y REPARACION DE VEHICULOS,TALLERES DE SERVICIO AUTOMOTRIZ (NO COMERCIANTE)
5571,OTROS RUBROS,COMPRA VENTA Y ARRIENDO DE MOTOS,VEHICULOS,TIENDAS Y COMERCIANTES DE MOTOCICLETAS
8299,OTROS RUBROS,ESCUELAS DE CONDUCTORES,SERVICIOS LEGALES Y DE ENSEÑANZA,ESCUELAS Y SERVICIOS EDUCACIONALES (NO CLASIFICADOS EN OTROS MCC)
7523,OTROS RUBROS,ESTACIONAMIENTO DE AUTOMOVILES,ALQUILER Y REPARACION DE VEHICULOS,ESTACIONAMIENTOS DE AUTOS
7538,OTROS RUBROS,GARAJES,ALQUILER Y REPARACION DE VEHICULOS,TALLERES DE SERVICIO AUTOMOTRIZ (NO COMERCIANTE)
7538,OTROS RUBROS,REVISIONES TECNICAS,ALQUILER Y REPARACION DE VEHICULOS,TALLERES DE SERVICIO AUTOMOTRIZ (NO COMERCIANTE)
5532,OTROS RUBROS,NEUMATICOS Y BATERIAS,VEHICULOS,COMERCIANTES AUTOMOTRICES DE NEUMÁTICOS (VENTA Y SERVICIO DE LLANTAS)
7538,OTROS RUBROS,RECAUCHAJES Y VULCANIZACION,ALQUILER Y REPARACION DE VEHICULOS,TALLERES DE SERVICIO AUTOMOTRIZ (NO COMERCIANTE)
7534,OTROS RUBROS,RECAUCHAJES Y VULCANIZACION,#N/A,#N/A
7512,OTROS RUBROS,REPUESTOS Y ACCESORIOS,ALQUILER Y REPARACION DE VEHICULOS,AGENCIAS DE ALQUILER DE AUTOS
5732,OTROS RUBROS,REPUESTOS Y ACCESORIOS,ARTICULOS Y/O EQUIPOS PARA EL HOGAR,TIENDAS DE ELECTRONICOS
5532,OTROS RUBROS,REPUESTOS Y ACCESORIOS,VEHICULOS,COMERCIANTES AUTOMOTRICES DE NEUMÁTICOS (VENTA Y SERVICIO DE LLANTAS)
5211,OTROS RUBROS,REPUESTOS Y ACCESORIOS,VIVIENDA,TIENDAS DE MADERA Y MATERIALES DE CONSTRUCCIÓN
7549,OTROS RUBROS,SERVICIOS DE REMOLQUE,ALQUILER Y REPARACION DE VEHICULOS,SERVICIOS DE REMOLQUE
7538,OTROS RUBROS,SERVICIOS ESPECIALIZADOS AUTOMOTRICES,ALQUILER Y REPARACION DE VEHICULOS,TALLERES DE SERVICIO AUTOMOTRIZ (NO COMERCIANTE)
5532,OTROS RUBROS,SERVICIOS ESPECIALIZADOS AUTOMOTRICES,VEHICULOS,COMERCIANTES AUTOMOTRICES DE NEUMÁTICOS (VENTA Y SERVICIO DE LLANTAS)
5538,OTROS RUBROS,SERVICIOS ESPECIALIZADOS AUTOMOTRICES,#N/A,#N/A
7011,OTROS RUBROS,HOTEL MARRIOTT,SERVICIOS DE ALOJAMIENTO,"HOSPEDAJE - HOTELES, MOTELES, CENTROS TURÍSTICOS, SERVICIOS DE CENTRALES DE RESERVAS (NO CLASIFICADO EN OTRO MCC)."
3509,OTROS RUBROS,HOTEL MARRIOTT,#N/A,#N/A
6513,OTROS RUBROS,APART HOTEL,SERVICIOS DE ALOJAMIENTO,AGENTES DE BIENES INMOBILIARIOS - ALQUILER
7011,OTROS RUBROS,APART HOTEL,SERVICIOS DE ALOJAMIENTO,"HOSPEDAJE - HOTELES, MOTELES, CENTROS TURÍSTICOS, SERVICIOS DE CENTRALES DE RESERVAS (NO CLASIFICADO EN OTRO MCC)."
7512,OTROS RUBROS,ARRIENDOS DE AUTOMOVILES,ALQUILER Y REPARACION DE VEHICULOS,AGENCIAS DE ALQUILER DE AUTOS
3387,OTROS RUBROS,ARRIENDOS DE AUTOMOVILES,#N/A,#N/A
7512,OTROS RUBROS,AVIS RENT A CAR,ALQUILER Y REPARACION DE VEHICULOS,AGENCIAS DE ALQUILER DE AUTOS
3389,OTROS RUBROS,AVIS RENT A CAR,#N/A,#N/A
7513,OTROS RUBROS,AVIS RENT A CAR,#N/A,#N/A
7512,OTROS RUBROS,ARRIENDOS DE MOTOS,ALQUILER Y REPARACION DE VEHICULOS,AGENCIAS DE ALQUILER DE AUTOS
7512,OTROS RUBROS,ALAMO RENT A CAR,ALQUILER Y REPARACION DE VEHICULOS,AGENCIAS DE ALQUILER DE AUTOS
3387,OTROS RUBROS,ALAMO RENT A CAR,#N/A,#N/A
4131,OTROS RUBROS,BUSES,SERVICIOS DE TRANSPORTE,LÍNEAS DE AUTOBUSES
7011,OTROS RUBROS,HOTEL HYATT,SERVICIOS DE ALOJAMIENTO,"HOSPEDAJE - HOTELES, MOTELES, CENTROS TURÍSTICOS, SERVICIOS DE CENTRALES DE RESERVAS (NO CLASIFICADO EN OTRO MCC)."
3640,OTROS RUBROS,HOTEL HYATT,#N/A,#N/A
7033,OTROS RUBROS,CAMPING Y CAMPAMENTOS,INTERMEDIACION FINANCIERA,PARQUES PARA CARAVANAS Y LOCACIONES PARA ACAMPAR.
7011,OTROS RUBROS,CAMPING Y CAMPAMENTOS,SERVICIOS DE ALOJAMIENTO,"HOSPEDAJE - HOTELES, MOTELES, CENTROS TURÍSTICOS, SERVICIOS DE CENTRALES DE RESERVAS (NO CLASIFICADO EN OTRO MCC)."
7523,OTROS RUBROS,HOTELES CINCO ESTRELLAS,ALQUILER Y REPARACION DE VEHICULOS,ESTACIONAMIENTOS DE AUTOS
7011,OTROS RUBROS,HOTELES CINCO ESTRELLAS,SERVICIOS DE ALOJAMIENTO,"HOSPEDAJE - HOTELES, MOTELES, CENTROS TURÍSTICOS, SERVICIOS DE CENTRALES DE RESERVAS (NO CLASIFICADO EN OTRO MCC)."
3509,OTROS RUBROS,HOTELES CINCO ESTRELLAS,#N/A,#N/A
3640,OTROS RUBROS,HOTELES CINCO ESTRELLAS,#N/A,#N/A
4411,OTROS RUBROS,COMPANIAS NAVIERAS Y CRUCEROS,SERVICIOS DE TRANSPORTE,NAVÍOS A VAPOR Y LÍNEAS DE CRUCERO
7999,OTROS RUBROS,CENTROS DE EVENTOS,SERVICIOS DE RECREACION,INTERNACIONAL: SERVICIOS DE RECREACIÓN – NO CLASIFICADO EN OTRO MCC
7011,OTROS RUBROS,HOTELES,SERVICIOS DE ALOJAMIENTO,"HOSPEDAJE - HOTELES, MOTELES, CENTROS TURÍSTICOS, SERVICIOS DE CENTRALES DE RESERVAS (NO CLASIFICADO EN OTRO MCC)."
7012,OTROS RUBROS,TIEMPO COMPARTIDO,INTERMEDIACION FINANCIERA,TIEMPO COMPARTIDO
6513,OTROS RUBROS,TIEMPO COMPARTIDO,SERVICIOS DE ALOJAMIENTO,AGENTES DE BIENES INMOBILIARIOS - ALQUILER
7997,OTROS RUBROS,TIEMPO COMPARTIDO,SERVICIOS DE RECREACION,"CLUBES DE MEMBRESÍA (DEPORTES, RECREACIÓN, ATLÉTICOS), CLUBES CAMPESTRES, Y CAMPOS PRIVADOS DE GOLF"
3000,OTROS RUBROS,LINEAS AEREAS,#N/A,#N/A
3001,OTROS RUBROS,LINEAS AEREAS,#N/A,#N/A
3007,OTROS RUBROS,LINEAS AEREAS,#N/A,#N/A
3010,OTROS RUBROS,LINEAS AEREAS,#N/A,#N/A
3013,OTROS RUBROS,LINEAS AEREAS,#N/A,#N/A
3030,OTROS RUBROS,LINEAS AEREAS,#N/A,#N/A
3039,OTROS RUBROS,LINEAS AEREAS,#N/A,#N/A
3076,OTROS RUBROS,LINEAS AEREAS,#N/A,#N/A
3219,OTROS RUBROS,LINEAS AEREAS,#N/A,#N/A
7011,OTROS RUBROS,HOTEL HILTON,SERVICIOS DE ALOJAMIENTO,"HOSPEDAJE - HOTELES, MOTELES, CENTROS TURÍSTICOS, SERVICIOS DE CENTRALES DE RESERVAS (NO CLASIFICADO EN OTRO MCC)."
3504,OTROS RUBROS,HOTEL HILTON,#N/A,#N/A
7011,OTROS RUBROS,MOTELES,SERVICIOS DE ALOJAMIENTO,"HOSPEDAJE - HOTELES, MOTELES, CENTROS TURÍSTICOS, SERVICIOS DE CENTRALES DE RESERVAS (NO CLASIFICADO EN OTRO MCC)."
4011,OTROS RUBROS,FERROCARRILES,SERVICIOS DE TRANSPORTE,TRENES
4121,OTROS RUBROS,RADIO TAXIS Y LIMUSINAS,SERVICIOS DE TRANSPORTE,SERVICIO DE TAXIS Y LIMOSINAS
7011,OTROS RUBROS,DOUBLETREE HOTEL,SERVICIOS DE ALOJAMIENTO,"HOSPEDAJE - HOTELES, MOTELES, CENTROS TURÍSTICOS, SERVICIOS DE CENTRALES DE RESERVAS (NO CLASIFICADO EN OTRO MCC)."
3692,OTROS RUBROS,DOUBLETREE HOTEL,#N/A,#N/A
8999,OTROS RUBROS,RESIDENCIALES,ORGANIZACIONES Y ASOCIACIONES,SERVICIOS PROFESIONALES (NO CLASIFICADOS EN OTRO MCC)
7011,OTROS RUBROS,RESIDENCIALES,SERVICIOS DE ALOJAMIENTO,"HOSPEDAJE - HOTELES, MOTELES, CENTROS TURÍSTICOS, SERVICIOS DE CENTRALES DE RESERVAS (NO CLASIFICADO EN OTRO MCC)."
4789,OTROS RUBROS,TAXIS AEREOS,#N/A,#N/A
7011,OTROS RUBROS,TERMAS,SERVICIOS DE ALOJAMIENTO,"HOSPEDAJE - HOTELES, MOTELES, CENTROS TURÍSTICOS, SERVICIOS DE CENTRALES DE RESERVAS (NO CLASIFICADO EN OTRO MCC)."
7512,OTROS RUBROS,MINORISTAS DUALES,ALQUILER Y REPARACION DE VEHICULOS,AGENCIAS DE ALQUILER DE AUTOS
4411,OTROS RUBROS,MINORISTAS DUALES,SERVICIOS DE TRANSPORTE,NAVÍOS A VAPOR Y LÍNEAS DE CRUCERO
7230,OTROS RUBROS,,SERVICIOS PERSONALES,PELUQUERÍAS Y BARBERÍAS.
4816,OTROS RUBROS,OTROS DE TRANSPORTE NO CLASIFICADO,SERVICIOS DE COMUNICACION,REDES DE COMPUTADORAS / SERVICIOS DE INFORMACION
4789,OTROS RUBROS,OTROS DE TRANSPORTE NO CLASIFICADO,#N/A,#N/A
5309,OTROS RUBROS,TIENDAS LIBRES DE IMPUESTO,MERCADERIA EN GENERAL,TIENDAS LIBRES DE IMPUESTOS (DUTY FREE)
5947,OTROS RUBROS,TIENDAS DE CALZADO PARA LA FAMILIA,TIENDAS ESPECIALIZADAS ,"TIENDA DE REGALOS, TARJETAS, NOVEDADES Y RECUERDOS"
5732,OTROS RUBROS,GRANDES TIENDAS,ARTICULOS Y/O EQUIPOS PARA EL HOGAR,TIENDAS DE ELECTRONICOS
5251,OTROS RUBROS,GRANDES TIENDAS,VIVIENDA,FERRETERIAS
5309,OTROS RUBROS,TIENDAS POR DEPARTAMENTO,MERCADERIA EN GENERAL,TIENDAS LIBRES DE IMPUESTOS (DUTY FREE)
5698,OTROS RUBROS,PELUCAS Y POSTIZOS,#N/A,#N/A
5712,OTROS RUBROS,TIENDAS DE ROPA PARA LA FAMILIA,ARTICULOS Y/O EQUIPOS PARA EL HOGAR,"MUEBLES, TIENDAS DE MOBILIARIO Y EQUIPO PARA EL HOGAR, EXCEPTO APARATOS."
5714,OTROS RUBROS,TIENDAS DE ROPA PARA LA FAMILIA,ARTICULOS Y/O EQUIPOS PARA EL HOGAR,"TIENDAS DE CORTINAS, CUBIERTAS PARA VENTANAS Y TAPICERÍA."
5977,OTROS RUBROS,TIENDAS DE ROPA PARA LA FAMILIA,TIENDAS ESPECIALIZADAS ,TIENDAS DE COSMÉTICOS
5631,OTROS RUBROS,TIENDAS DE ROPA PARA LA FAMILIA,VESTIMENTA E INDUMENTARIA,TIENDAS DE ESPECIALIDAD Y ACCESORIOS PARA DAMAS (LENCERIA Y ROPA INTERIOR)
5655,OTROS RUBROS,TIENDAS DE ROPA PARA LA FAMILIA,VESTIMENTA E INDUMENTARIA,TIENDAS DE ROPA DEPORTIVA Y PARA MONTAR
5611,OTROS RUBROS,ARTICULOS PARA HOMBRES,VESTIMENTA E INDUMENTARIA,TIENDAS DE ROPA PARA HOMBRES Y NIÑOS Y ACCESORIOS
5697,OTROS RUBROS,"SASTRERIAS, COSTURERIAS Y REPARACION",VESTIMENTA E INDUMENTARIA,"SASTRES, COSTURERAS, REPARACIONES Y ALTERACIONES"
5611,OTROS RUBROS,VESTUARIO PARA HOMBRES,VESTIMENTA E INDUMENTARIA,TIENDAS DE ROPA PARA HOMBRES Y NIÑOS Y ACCESORIOS
5631,OTROS RUBROS,ARTICULOS PARA MUJER,VESTIMENTA E INDUMENTARIA,TIENDAS DE ESPECIALIDAD Y ACCESORIOS PARA DAMAS (LENCERIA Y ROPA INTERIOR)
5621,OTROS RUBROS,"ARTICULOS PARA MATRIMONIO, BAUTIZO, COMUNIONES",VESTIMENTA E INDUMENTARIA,TIENDAS DE ROPA LISTA PARA USAR PARA DAMAS
5631,OTROS RUBROS,CARTERAS,VESTIMENTA E INDUMENTARIA,TIENDAS DE ESPECIALIDAD Y ACCESORIOS PARA DAMAS (LENCERIA Y ROPA INTERIOR)
5681,OTROS RUBROS,PELETERIAS,VESTIMENTA E INDUMENTARIA,PELETERÍAS Y TIENDAS DE PIELES (ROPA DE CUEROS)
5621,OTROS RUBROS,ROPA INTERIOR PARA MUJER,VESTIMENTA E INDUMENTARIA,TIENDAS DE ROPA LISTA PARA USAR PARA DAMAS
5621,OTROS RUBROS,ROPA MATERNAL,VESTIMENTA E INDUMENTARIA,TIENDAS DE ROPA LISTA PARA USAR PARA DAMAS
5621,OTROS RUBROS,VESTUARIO PARA MUJER,VESTIMENTA E INDUMENTARIA,TIENDAS DE ROPA LISTA PARA USAR PARA DAMAS
5611,OTROS RUBROS,TIENDAS PARA NINOS Y GUAGUAS,VESTIMENTA E INDUMENTARIA,TIENDAS DE ROPA PARA HOMBRES Y NIÑOS Y ACCESORIOS
5641,OTROS RUBROS,TIENDAS PARA NINOS Y GUAGUAS,VESTIMENTA E INDUMENTARIA,TIENDAS DE VESTIMENTA PARA NIÑOS E INFANTES
5641,OTROS RUBROS,VESTUARIO PARA GUAGUAS,VESTIMENTA E INDUMENTARIA,TIENDAS DE VESTIMENTA PARA NIÑOS E INFANTES
5641,OTROS RUBROS,VESTUARIO PARA NINOS,VESTIMENTA E INDUMENTARIA,TIENDAS DE VESTIMENTA PARA NIÑOS E INFANTES
1711,OTROS RUBROS,AIRE ACONDICIONADO Y VENTILACION,CONSTRUCCION,"CONTRATISTAS EN CALEFACCION, PLOMERIA Y ACONDICIONAMIENTO DE AIRE"
5713,OTROS RUBROS,ALFOMBRAS,ARTICULOS Y/O EQUIPOS PARA EL HOGAR,TIENDAS DE CUBIERTAS PARA PISOS.
5719,OTROS RUBROS,ALFOMBRAS,ARTICULOS Y/O EQUIPOS PARA EL HOGAR,TIENDAS DE ESPECIALIDAD PARA IMPLEMENTACIÓN MISCELÁNEA DEL HOGAR (TIENDAS DE DECORACION EN GENERAL)
5932,OTROS RUBROS,ANTIGUEDADES,TIENDAS ESPECIALIZADAS ,"TIENDAS DE ANTIGÜEDADES – VENTAS, SERVICIOS DE REPARACIÓN Y RESTAURACIÓN."
5970,OTROS RUBROS,ARTESANIAS,TIENDAS ESPECIALIZADAS ,TIENDAS DE SUMINISTROS PARA ARTISTAS Y ARTESANÍAS
5732,OTROS RUBROS,ARTICULOS ELECTRONICOS,ARTICULOS Y/O EQUIPOS PARA EL HOGAR,TIENDAS DE ELECTRONICOS
4812,OTROS RUBROS,ARTICULOS ELECTRONICOS,SERVICIOS DE COMUNICACION,VENTAS DE EQUIPOS DE TELECOMUNICACIÓN Y TELÉFONOS
4899,OTROS RUBROS,ARTICULOS ELECTRONICOS,SERVICIOS DE COMUNICACION,CABLE SATELITE Y OTROS SERVICIOS PAGADOS DE TELEVISIÓN Y RADIO
5045,OTROS RUBROS,ARTICULOS ELECTRONICOS,SERVICIOS DE COMUNICACION,"COMPUTADORAS, EQUIPOS PERIFERICOS Y SOFTWARE PARA COMPUTADORAS"
5251,OTROS RUBROS,ARTICULOS ELECTRONICOS,VIVIENDA,FERRETERIAS
5719,OTROS RUBROS,SANITARIOS Y ARTICULOS PARA EL BANO,ARTICULOS Y/O EQUIPOS PARA EL HOGAR,TIENDAS DE ESPECIALIDAD PARA IMPLEMENTACIÓN MISCELÁNEA DEL HOGAR (TIENDAS DE DECORACION EN GENERAL)
5251,OTROS RUBROS,SANITARIOS Y ARTICULOS PARA EL BANO,VIVIENDA,FERRETERIAS
5719,OTROS RUBROS,ARTICULOS PARA COCINA,ARTICULOS Y/O EQUIPOS PARA EL HOGAR,TIENDAS DE ESPECIALIDAD PARA IMPLEMENTACIÓN MISCELÁNEA DEL HOGAR (TIENDAS DE DECORACION EN GENERAL)
5713,OTROS RUBROS,BALDOSAS Y PISOS,ARTICULOS Y/O EQUIPOS PARA EL HOGAR,TIENDAS DE CUBIERTAS PARA PISOS.
5211,OTROS RUBROS,BARRACAS DE FIERRO,VIVIENDA,TIENDAS DE MADERA Y MATERIALES DE CONSTRUCCIÓN
5211,OTROS RUBROS,BARRACAS DE FIERRO Y MADERA,VIVIENDA,TIENDAS DE MADERA Y MATERIALES DE CONSTRUCCIÓN
5251,OTROS RUBROS,BARRACAS DE FIERRO Y MADERA,VIVIENDA,FERRETERIAS
5719,OTROS RUBROS,MUEBLES  Y ARTICULOS DE DORMITORIO,ARTICULOS Y/O EQUIPOS PARA EL HOGAR,TIENDAS DE ESPECIALIDAD PARA IMPLEMENTACIÓN MISCELÁNEA DEL HOGAR (TIENDAS DE DECORACION EN GENERAL)
5714,OTROS RUBROS,CORTINAS Y TAPICES,ARTICULOS Y/O EQUIPOS PARA EL HOGAR,"TIENDAS DE CORTINAS, CUBIERTAS PARA VENTANAS Y TAPICERÍA."
5719,OTROS RUBROS,CORTINAS Y TAPICES,ARTICULOS Y/O EQUIPOS PARA EL HOGAR,TIENDAS DE ESPECIALIDAD PARA IMPLEMENTACIÓN MISCELÁNEA DEL HOGAR (TIENDAS DE DECORACION EN GENERAL)
5719,OTROS RUBROS,CRISTALERIAS,ARTICULOS Y/O EQUIPOS PARA EL HOGAR,TIENDAS DE ESPECIALIDAD PARA IMPLEMENTACIÓN MISCELÁNEA DEL HOGAR (TIENDAS DE DECORACION EN GENERAL)
5950,OTROS RUBROS,CRISTALERIAS,TIENDAS ESPECIALIZADAS ,UTENSILIOS DE CRISTAL / CRISTALERÍAS
5331,OTROS RUBROS,SERVICIOS DECORACION DE INTERIORES,MERCADERIA EN GENERAL,"TIENDAS DE CONVENIENCIA, MINI MART, TIENDA DE VARIEDAD"
8999,OTROS RUBROS,SERVICIOS DECORACION DE INTERIORES,ORGANIZACIONES Y ASOCIACIONES,SERVICIOS PROFESIONALES (NO CLASIFICADOS EN OTRO MCC)
5732,OTROS RUBROS,TIENDA DE ELECTRODOMESTICOS Y ELECTRONICOS,ARTICULOS Y/O EQUIPOS PARA EL HOGAR,TIENDAS DE ELECTRONICOS
5331,OTROS RUBROS,TIENDA DE ELECTRODOMESTICOS Y ELECTRONICOS,MERCADERIA EN GENERAL,"TIENDAS DE CONVENIENCIA, MINI MART, TIENDA DE VARIEDAD"
5941,OTROS RUBROS,TIENDA DE ELECTRODOMESTICOS Y ELECTRONICOS,TIENDAS ESPECIALIZADAS ,TIENDAS DE MERCANCÍAS DEPORTIVAS
5977,OTROS RUBROS,TIENDA DE ELECTRODOMESTICOS Y ELECTRONICOS,TIENDAS ESPECIALIZADAS ,TIENDAS DE COSMÉTICOS
5251,OTROS RUBROS,TIENDA DE ELECTRODOMESTICOS Y ELECTRONICOS,VIVIENDA,FERRETERIAS
5251,OTROS RUBROS,FERRETERIAS,VIVIENDA,FERRETERIAS
5200,OTROS RUBROS,FERRETERIAS,#N/A,#N/A
5251,OTROS RUBROS,FERRETERIAS VENTA EMPRESA,VIVIENDA,FERRETERIAS
5971,OTROS RUBROS,GALERIAS DE ARTE Y ARTICULOS DE ARTE,TIENDAS ESPECIALIZADAS ,NEGOCIANTES DE ARTE Y GALERÍAS
5211,OTROS RUBROS,GALPONES METALICOS,VIVIENDA,TIENDAS DE MADERA Y MATERIALES DE CONSTRUCCIÓN
5199,OTROS RUBROS,DISTRIBUIDORES,#N/A,#N/A
5714,OTROS RUBROS,TIENDA DE GENEROS Y TEXTILES,ARTICULOS Y/O EQUIPOS PARA EL HOGAR,"TIENDAS DE CORTINAS, CUBIERTAS PARA VENTANAS Y TAPICERÍA."
5261,OTROS RUBROS,"VIVEROS, CESPED Y JARDINES",VIVIENDA,TIENDAS DE SUMINISTROS PARA VIVEROS Y PATIO Y JARDÍN
5719,OTROS RUBROS,LAMPARAS,ARTICULOS Y/O EQUIPOS PARA EL HOGAR,TIENDAS DE ESPECIALIDAD PARA IMPLEMENTACIÓN MISCELÁNEA DEL HOGAR (TIENDAS DE DECORACION EN GENERAL)
5211,OTROS RUBROS,HOMECENTERS,VIVIENDA,TIENDAS DE MADERA Y MATERIALES DE CONSTRUCCIÓN
5200,OTROS RUBROS,HOMECENTERS,#N/A,#N/A
5211,OTROS RUBROS,MATERIALES DE CONSTRUCCION,VIVIENDA,TIENDAS DE MADERA Y MATERIALES DE CONSTRUCCIÓN
5251,OTROS RUBROS,MATERIALES DE CONSTRUCCION,VIVIENDA,FERRETERIAS
5719,OTROS RUBROS,MAQUINAS DE COSER Y/O TEJER,ARTICULOS Y/O EQUIPOS PARA EL HOGAR,TIENDAS DE ESPECIALIDAD PARA IMPLEMENTACIÓN MISCELÁNEA DEL HOGAR (TIENDAS DE DECORACION EN GENERAL)
5441,OTROS RUBROS,MENAJE Y CRISTALERIAS,ALIMENTOS EN GENERAL,"DULCERÍAS (TIENDAS DE DULCES, NUECES Y CONFITERÍAS)."
5719,OTROS RUBROS,MENAJE Y CRISTALERIAS,ARTICULOS Y/O EQUIPOS PARA EL HOGAR,TIENDAS DE ESPECIALIDAD PARA IMPLEMENTACIÓN MISCELÁNEA DEL HOGAR (TIENDAS DE DECORACION EN GENERAL)
5712,OTROS RUBROS,MUEBLERIAS,ARTICULOS Y/O EQUIPOS PARA EL HOGAR,"MUEBLES, TIENDAS DE MOBILIARIO Y EQUIPO PARA EL HOGAR, EXCEPTO APARATOS."
5945,OTROS RUBROS,MUEBLERIAS,TIENDAS ESPECIALIZADAS ,"TIENDAS DE PASATIEMPOS, JUGUETES Y JUEGOS"
5947,OTROS RUBROS,MUEBLERIAS,TIENDAS ESPECIALIZADAS ,"TIENDA DE REGALOS, TARJETAS, NOVEDADES Y RECUERDOS"
5712,OTROS RUBROS,MUEBLES DE COCINA,ARTICULOS Y/O EQUIPOS PARA EL HOGAR,"MUEBLES, TIENDAS DE MOBILIARIO Y EQUIPO PARA EL HOGAR, EXCEPTO APARATOS."
5712,OTROS RUBROS,MUEBLES DE MIMBRE,ARTICULOS Y/O EQUIPOS PARA EL HOGAR,"MUEBLES, TIENDAS DE MOBILIARIO Y EQUIPO PARA EL HOGAR, EXCEPTO APARATOS."
5712,OTROS RUBROS,MUEBLES DE TERRAZA Y MIMBRE,ARTICULOS Y/O EQUIPOS PARA EL HOGAR,"MUEBLES, TIENDAS DE MOBILIARIO Y EQUIPO PARA EL HOGAR, EXCEPTO APARATOS."
5231,OTROS RUBROS,PAPELES MURALES,VIVIENDA,"TIENDAS DE VIDRIO, PINTURA Y EMPAPELADO DE PAREDES."
5211,OTROS RUBROS,PERFILES DE ALUMINIO,VIVIENDA,TIENDAS DE MADERA Y MATERIALES DE CONSTRUCCIÓN
5714,OTROS RUBROS,PERSIANAS,ARTICULOS Y/O EQUIPOS PARA EL HOGAR,"TIENDAS DE CORTINAS, CUBIERTAS PARA VENTANAS Y TAPICERÍA."
5719,OTROS RUBROS,PERSIANAS,ARTICULOS Y/O EQUIPOS PARA EL HOGAR,TIENDAS DE ESPECIALIDAD PARA IMPLEMENTACIÓN MISCELÁNEA DEL HOGAR (TIENDAS DE DECORACION EN GENERAL)
5231,OTROS RUBROS,PINTURAS,VIVIENDA,"TIENDAS DE VIDRIO, PINTURA Y EMPAPELADO DE PAREDES."
5996,OTROS RUBROS,TIENDAS DE ARTICULOS PARA PISCINAS,TIENDAS ESPECIALIZADAS ,PISCINAS – VENTAS Y SERVICIOS
5719,OTROS RUBROS,PLASTICOS,ARTICULOS Y/O EQUIPOS PARA EL HOGAR,TIENDAS DE ESPECIALIDAD PARA IMPLEMENTACIÓN MISCELÁNEA DEL HOGAR (TIENDAS DE DECORACION EN GENERAL)
5719,OTROS RUBROS,POSTERS,ARTICULOS Y/O EQUIPOS PARA EL HOGAR,TIENDAS DE ESPECIALIDAD PARA IMPLEMENTACIÓN MISCELÁNEA DEL HOGAR (TIENDAS DE DECORACION EN GENERAL)
5714,OTROS RUBROS,PERSIANAS Y VENTANAS,ARTICULOS Y/O EQUIPOS PARA EL HOGAR,"TIENDAS DE CORTINAS, CUBIERTAS PARA VENTANAS Y TAPICERÍA."
5719,OTROS RUBROS,PERSIANAS Y VENTANAS,ARTICULOS Y/O EQUIPOS PARA EL HOGAR,TIENDAS DE ESPECIALIDAD PARA IMPLEMENTACIÓN MISCELÁNEA DEL HOGAR (TIENDAS DE DECORACION EN GENERAL)
5719,OTROS RUBROS,REJAS METALICAS,ARTICULOS Y/O EQUIPOS PARA EL HOGAR,TIENDAS DE ESPECIALIDAD PARA IMPLEMENTACIÓN MISCELÁNEA DEL HOGAR (TIENDAS DE DECORACION EN GENERAL)
5200,OTROS RUBROS,REJAS METALICAS,#N/A,#N/A
780,OTROS RUBROS,RIEGO DE JARDINES,AGROPECUARIA,SERVICIOS DE HORTICULTURA Y PAISAJISMO
5719,OTROS RUBROS,ROPA DE CAMA,ARTICULOS Y/O EQUIPOS PARA EL HOGAR,TIENDAS DE ESPECIALIDAD PARA IMPLEMENTACIÓN MISCELÁNEA DEL HOGAR (TIENDAS DE DECORACION EN GENERAL)
5719,OTROS RUBROS,SANITARIOS,ARTICULOS Y/O EQUIPOS PARA EL HOGAR,TIENDAS DE ESPECIALIDAD PARA IMPLEMENTACIÓN MISCELÁNEA DEL HOGAR (TIENDAS DE DECORACION EN GENERAL)
5251,OTROS RUBROS,SANITARIOS,VIVIENDA,FERRETERIAS
5719,OTROS RUBROS,SABANAS Y TOALLAS,ARTICULOS Y/O EQUIPOS PARA EL HOGAR,TIENDAS DE ESPECIALIDAD PARA IMPLEMENTACIÓN MISCELÁNEA DEL HOGAR (TIENDAS DE DECORACION EN GENERAL)
5231,OTROS RUBROS,VIDRIERIAS Y PAPELES MURALES,VIVIENDA,"TIENDAS DE VIDRIO, PINTURA Y EMPAPELADO DE PAREDES."
5719,OTROS RUBROS,OTROS DEL RUBRO PARA EL HOGAR,ARTICULOS Y/O EQUIPOS PARA EL HOGAR,TIENDAS DE ESPECIALIDAD PARA IMPLEMENTACIÓN MISCELÁNEA DEL HOGAR (TIENDAS DE DECORACION EN GENERAL)
780,OTROS RUBROS,ABONOS E INSECTICIDAS,AGROPECUARIA,SERVICIOS DE HORTICULTURA Y PAISAJISMO
5995,OTROS RUBROS,ANIMALES DOMESTICOS,TIENDAS ESPECIALIZADAS ,"TIENDAS DE MASCOTAS, TIENDA DE ALIMENTOS Y SUMINISTROS PARA MASCOTAS."
5732,OTROS RUBROS,"ARTES, GRAFICAS E IMPRENTA",ARTICULOS Y/O EQUIPOS PARA EL HOGAR,TIENDAS DE ELECTRONICOS
7333,OTROS RUBROS,"ARTES, GRAFICAS E IMPRENTA",SERVICIOS NO PERSONALES,"FOTOGRAFÍA, ARTE Y GRÁFICOS COMERCIALES"
5948,OTROS RUBROS,ARTICULOS DE CUERO,TIENDAS ESPECIALIZADAS ,TIENDAS DE EQUIPAJE Y MERCANCÍAS DE CUERO
5631,OTROS RUBROS,ARTICULOS DE CUERO,VESTIMENTA E INDUMENTARIA,TIENDAS DE ESPECIALIDAD Y ACCESORIOS PARA DAMAS (LENCERIA Y ROPA INTERIOR)
5947,OTROS RUBROS,ARTICULOS DE REGALO Y SOUVENIRS,TIENDAS ESPECIALIZADAS ,"TIENDA DE REGALOS, TARJETAS, NOVEDADES Y RECUERDOS"
5977,OTROS RUBROS,ARTICULOS DE REGALO Y SOUVENIRS,TIENDAS ESPECIALIZADAS ,TIENDAS DE COSMÉTICOS
5621,OTROS RUBROS,ARTICULOS DE REGALO Y SOUVENIRS,VESTIMENTA E INDUMENTARIA,TIENDAS DE ROPA LISTA PARA USAR PARA DAMAS
5732,OTROS RUBROS,"ARTICULOS, SISTEMAS ELECTRICOS Y ELECTRONICOS",ARTICULOS Y/O EQUIPOS PARA EL HOGAR,TIENDAS DE ELECTRONICOS
5211,OTROS RUBROS,"ARTICULOS, SISTEMAS ELECTRICOS Y ELECTRONICOS",VIVIENDA,TIENDAS DE MADERA Y MATERIALES DE CONSTRUCCIÓN
5732,OTROS RUBROS,,ARTICULOS Y/O EQUIPOS PARA EL HOGAR,TIENDAS DE ELECTRONICOS
5940,OTROS RUBROS,BICICLETAS Y RODADOS,TIENDAS ESPECIALIZADAS ,TIENDAS DE BICICLETAS – VENTAS Y SERVICIOS
5949,OTROS RUBROS,CORDONERIAS Y PAQUETERIAS,TIENDAS ESPECIALIZADAS ,TIENDAS DE PASAMANERÍA TIENDA DE VENTAS DE TELAS Y PASAMANERIA
5735,OTROS RUBROS,DISCOS Y CASSETTE,ARTICULOS Y/O EQUIPOS PARA EL HOGAR,TIENDAS DE DISCOS
5942,OTROS RUBROS,EDITORIALES,TIENDAS ESPECIALIZADAS ,"TIENDAS DE LIBROS LIBRERIAS, IMPRENTAS Y EDITORIALES"
2741,OTROS RUBROS,EDITORIALES,#N/A,#N/A
5045,OTROS RUBROS,EQUIPOS COMPUTACIONALES Y ACCESORIOS,SERVICIOS DE COMUNICACION,"COMPUTADORAS, EQUIPOS PERIFERICOS Y SOFTWARE PARA COMPUTADORAS"
5992,OTROS RUBROS,ARREGLOS FLORALES,TIENDAS ESPECIALIZADAS ,FLORERIAS
5946,OTROS RUBROS,TIENDAS DE ARTE Y REVELADOS,TIENDAS ESPECIALIZADAS ,TIENDAS DE SUMINISTROS PARA CÁMARAS Y FOTOGRAFÍA
7538,OTROS RUBROS,IMPORTADORAS,ALQUILER Y REPARACION DE VEHICULOS,TALLERES DE SERVICIO AUTOMOTRIZ (NO COMERCIANTE)
5719,OTROS RUBROS,IMPORTADORAS,ARTICULOS Y/O EQUIPOS PARA EL HOGAR,TIENDAS DE ESPECIALIDAD PARA IMPLEMENTACIÓN MISCELÁNEA DEL HOGAR (TIENDAS DE DECORACION EN GENERAL)
5732,OTROS RUBROS,IMPORTADORAS,ARTICULOS Y/O EQUIPOS PARA EL HOGAR,TIENDAS DE ELECTRONICOS
5331,OTROS RUBROS,IMPORTADORAS,MERCADERIA EN GENERAL,"TIENDAS DE CONVENIENCIA, MINI MART, TIENDA DE VARIEDAD"
4812,OTROS RUBROS,IMPORTADORAS,SERVICIOS DE COMUNICACION,VENTAS DE EQUIPOS DE TELECOMUNICACIÓN Y TELÉFONOS
2741,OTROS RUBROS,IMPRENTAS,#N/A,#N/A
5733,OTROS RUBROS,INSTRUMENTOS MUSICALES,ARTICULOS Y/O EQUIPOS PARA EL HOGAR,"TIENDAS DE MÚSICA – INSTRUMENTOS MUSICALES, PIANOS Y PARTITURAS"
5944,OTROS RUBROS,JOYERIAS Y RELOJERIAS,TIENDAS ESPECIALIZADAS ,"TIENDAS DE JOYAS, RELOJES PEQUEÑOS, RELOJES GRANDES Y PLATERÍA"
5331,OTROS RUBROS,JUGUETERIAS,MERCADERIA EN GENERAL,"TIENDAS DE CONVENIENCIA, MINI MART, TIENDA DE VARIEDAD"
5945,OTROS RUBROS,JUGUETERIAS,TIENDAS ESPECIALIZADAS ,"TIENDAS DE PASATIEMPOS, JUGUETES Y JUEGOS"
5949,OTROS RUBROS,TIENDAS DE LANAS,TIENDAS ESPECIALIZADAS ,TIENDAS DE PASAMANERÍA TIENDA DE VENTAS DE TELAS Y PASAMANERIA
5994,OTROS RUBROS,KIOSCOS,TIENDAS ESPECIALIZADAS ,VENDEDORES DE PERIÓDICOS Y  KIOSCOS.
5942,OTROS RUBROS,LIBRERIAS,TIENDAS ESPECIALIZADAS ,"TIENDAS DE LIBROS LIBRERIAS, IMPRENTAS Y EDITORIALES"
5999,OTROS RUBROS,ARTICULOS DE CUMPLEANOS Y  BROMAS,TIENDAS ESPECIALIZADAS ,TIENDAS MINORISTAS MISCELÁNEAS Y ESPECIALIZADAS
5948,OTROS RUBROS,MALETERIAS,TIENDAS ESPECIALIZADAS ,TIENDAS DE EQUIPAJE Y MERCANCÍAS DE CUERO
7394,OTROS RUBROS,MAQUINARIAS Y HERRAMIENTAS,SERVICIOS NO PERSONALES,"ALQUILER Y ARRENDAMIENTO DE EQUIPOS, HERRAMIENTAS, MUEBLES Y  APARATOS"
5978,OTROS RUBROS,MAQUINAS PARA OFICINA,TIENDAS ESPECIALIZADAS ,"TIENDAS DE MÁQUINAS DE ESCRIBIR – VENTAS, ALQUILER, SERVICIO"
5044,OTROS RUBROS,MAQUINAS PARA OFICINA,#N/A,#N/A
5712,OTROS RUBROS,MUEBLES PARA OFICINA,ARTICULOS Y/O EQUIPOS PARA EL HOGAR,"MUEBLES, TIENDAS DE MOBILIARIO Y EQUIPO PARA EL HOGAR, EXCEPTO APARATOS."
5331,OTROS RUBROS,PERFUMERIAS,MERCADERIA EN GENERAL,"TIENDAS DE CONVENIENCIA, MINI MART, TIENDA DE VARIEDAD"
5977,OTROS RUBROS,PERFUMERIAS,TIENDAS ESPECIALIZADAS ,TIENDAS DE COSMÉTICOS
7841,OTROS RUBROS,VIDEO CLUBES,SERVICIOS DE RECREACION,TIENDAS DE ALQUILER DE VIDEOS.
5931,OTROS RUBROS,MARTILLEROS PUBLICOS,TIENDAS ESPECIALIZADAS ,TIENDAS DE MERCADERÍAS USADAS Y DE SEGUNDA MANO
5931,OTROS RUBROS,CASAS DE REMATE,TIENDAS ESPECIALIZADAS ,TIENDAS DE MERCADERÍAS USADAS Y DE SEGUNDA MANO
7699,OTROS RUBROS,REPARADORA DE CALZADOS,#N/A,#N/A
4816,OTROS RUBROS,SERVICIOS INTERNET,SERVICIOS DE COMUNICACION,REDES DE COMPUTADORAS / SERVICIOS DE INFORMACION
5713,OTROS RUBROS,ABASTECIMIENTO DE INSUMO Y MAT. PRIMA,ARTICULOS Y/O EQUIPOS PARA EL HOGAR,TIENDAS DE CUBIERTAS PARA PISOS.
5085,OTROS RUBROS,ABASTECIMIENTO DE INSUMO Y MAT. PRIMA,SERVICIOS DE COMUNICACION,SUMINISTROS INDUSTRIALES (NO CLASIFICADOS EN OTRO MCC)
5944,OTROS RUBROS,ABASTECIMIENTO DE INSUMO Y MAT. PRIMA,TIENDAS ESPECIALIZADAS ,"TIENDAS DE JOYAS, RELOJES PEQUEÑOS, RELOJES GRANDES Y PLATERÍA"
5977,OTROS RUBROS,ABASTECIMIENTO DE INSUMO Y MAT. PRIMA,TIENDAS ESPECIALIZADAS ,TIENDAS DE COSMÉTICOS
5211,OTROS RUBROS,ABASTECIMIENTO DE INSUMO Y MAT. PRIMA,VIVIENDA,TIENDAS DE MADERA Y MATERIALES DE CONSTRUCCIÓN
6012,OTROS RUBROS,OTROS SERVICIOS FINANCIEROS,INTERMEDIACION FINANCIERA,INSTITUCIONES FINANCIERAS – MERCANCIA Y SERVICIOS
7999,OTROS RUBROS,TURISMO AVENTURA,SERVICIOS DE RECREACION,INTERNACIONAL: SERVICIOS DE RECREACIÓN – NO CLASIFICADO EN OTRO MCC
5399,OTROS RUBROS,OTROS DEL RUBRO ESPECIALIDADES,MERCADERIA EN GENERAL,MERCADERÍA MISCELÁNEA (BAZARES Y TIENDAS DE REGALO)
5977,OTROS RUBROS,OTROS DEL RUBRO ESPECIALIDADES,TIENDAS ESPECIALIZADAS ,TIENDAS DE COSMÉTICOS
5533,REPUESTOS/ACCESORIOS DE AUTOS,ABOGADOS,VEHICULOS,TIENDAS DE PARTES Y ACCESORIOS AUTOMOTRICES.
5533,REPUESTOS/ACCESORIOS DE AUTOS,COMPRA VENTA DE AUTOS,VEHICULOS,TIENDAS DE PARTES Y ACCESORIOS AUTOMOTRICES.
5533,REPUESTOS/ACCESORIOS DE AUTOS,COMPRA VENTA Y ARRIENDO DE MOTOS,VEHICULOS,TIENDAS DE PARTES Y ACCESORIOS AUTOMOTRICES.
5533,REPUESTOS/ACCESORIOS DE AUTOS,GARAJES,VEHICULOS,TIENDAS DE PARTES Y ACCESORIOS AUTOMOTRICES.
5533,REPUESTOS/ACCESORIOS DE AUTOS,REPUESTOS Y ACCESORIOS,VEHICULOS,TIENDAS DE PARTES Y ACCESORIOS AUTOMOTRICES.
5533,REPUESTOS/ACCESORIOS DE AUTOS,SERVICIOS ESPECIALIZADOS AUTOMOTRICES,VEHICULOS,TIENDAS DE PARTES Y ACCESORIOS AUTOMOTRICES.
5533,REPUESTOS/ACCESORIOS DE AUTOS,OTROS DE RUBRO VEHICULOS,VEHICULOS,TIENDAS DE PARTES Y ACCESORIOS AUTOMOTRICES.
5533,REPUESTOS/ACCESORIOS DE AUTOS,ARRIENDOS DE AUTOMOVILES,VEHICULOS,TIENDAS DE PARTES Y ACCESORIOS AUTOMOTRICES.
5812,RESTAURANTES,SERVICIOS CONTRATISTAS MENORES,CONSUMO DE ALIMENTOS Y BEBIDAS,LUGARES PARA COMER Y RESTAURANTES (RESTAURANTES) (AGRUPA RUBROS: 5812-5813-5814-5499)
5499,RESTAURANTES,ALIMENTOS EN GENERAL,ALIMENTOS EN GENERAL,TIENDAS MISCELÁNEAS DE COMIDA – TIENDAS DE CONVENIENCIA Y MERCADOS ESPECIALIZADOS. (AGRUPA RUBROS: 5812-5813-5814-5499)
5812,RESTAURANTES,ALIMENTOS EN GENERAL,CONSUMO DE ALIMENTOS Y BEBIDAS,LUGARES PARA COMER Y RESTAURANTES (RESTAURANTES) (AGRUPA RUBROS: 5812-5813-5814-5499)
5499,RESTAURANTES,COMIDAS PREPARADAS,ALIMENTOS EN GENERAL,TIENDAS MISCELÁNEAS DE COMIDA – TIENDAS DE CONVENIENCIA Y MERCADOS ESPECIALIZADOS. (AGRUPA RUBROS: 5812-5813-5814-5499)
5814,RESTAURANTES,COMIDAS PREPARADAS,CONSUMO DE ALIMENTOS Y BEBIDAS,"RESTAURANTES DE COMIDA RÁPIDA (CAFETERIAS, SNAKS, SERVICIO EXPRESS) (AGRUPA RUBROS: 5812-5813-5814-5499)"
5499,RESTAURANTES,FAST FOOD,ALIMENTOS EN GENERAL,TIENDAS MISCELÁNEAS DE COMIDA – TIENDAS DE CONVENIENCIA Y MERCADOS ESPECIALIZADOS. (AGRUPA RUBROS: 5812-5813-5814-5499)
5812,RESTAURANTES,FAST FOOD,CONSUMO DE ALIMENTOS Y BEBIDAS,LUGARES PARA COMER Y RESTAURANTES (RESTAURANTES) (AGRUPA RUBROS: 5812-5813-5814-5499)
5814,RESTAURANTES,FAST FOOD,CONSUMO DE ALIMENTOS Y BEBIDAS,"RESTAURANTES DE COMIDA RÁPIDA (CAFETERIAS, SNAKS, SERVICIO EXPRESS) (AGRUPA RUBROS: 5812-5813-5814-5499)"
5499,RESTAURANTES,PANADERIAS,ALIMENTOS EN GENERAL,TIENDAS MISCELÁNEAS DE COMIDA – TIENDAS DE CONVENIENCIA Y MERCADOS ESPECIALIZADOS. (AGRUPA RUBROS: 5812-5813-5814-5499)
5812,RESTAURANTES,PANADERIAS,CONSUMO DE ALIMENTOS Y BEBIDAS,LUGARES PARA COMER Y RESTAURANTES (RESTAURANTES) (AGRUPA RUBROS: 5812-5813-5814-5499)
5812,RESTAURANTES,PESCADERIAS (MARISCOS),CONSUMO DE ALIMENTOS Y BEBIDAS,LUGARES PARA COMER Y RESTAURANTES (RESTAURANTES) (AGRUPA RUBROS: 5812-5813-5814-5499)
5499,RESTAURANTES,ROTISERIAS (FIAMBRERIAS),ALIMENTOS EN GENERAL,TIENDAS MISCELÁNEAS DE COMIDA – TIENDAS DE CONVENIENCIA Y MERCADOS ESPECIALIZADOS. (AGRUPA RUBROS: 5812-5813-5814-5499)
5499,RESTAURANTES,SUPERMERCADOS,ALIMENTOS EN GENERAL,TIENDAS MISCELÁNEAS DE COMIDA – TIENDAS DE CONVENIENCIA Y MERCADOS ESPECIALIZADOS. (AGRUPA RUBROS: 5812-5813-5814-5499)
5812,RESTAURANTES,MINIMARKET,CONSUMO DE ALIMENTOS Y BEBIDAS,LUGARES PARA COMER Y RESTAURANTES (RESTAURANTES) (AGRUPA RUBROS: 5812-5813-5814-5499)
5499,RESTAURANTES,OTROS DEL RUBRO ALIMENTOS,ALIMENTOS EN GENERAL,TIENDAS MISCELÁNEAS DE COMIDA – TIENDAS DE CONVENIENCIA Y MERCADOS ESPECIALIZADOS. (AGRUPA RUBROS: 5812-5813-5814-5499)
5812,RESTAURANTES,"BARES, PUBS Y FUENTES DE SODA",CONSUMO DE ALIMENTOS Y BEBIDAS,LUGARES PARA COMER Y RESTAURANTES (RESTAURANTES) (AGRUPA RUBROS: 5812-5813-5814-5499)
5813,RESTAURANTES,"BARES, PUBS Y FUENTES DE SODA",CONSUMO DE ALIMENTOS Y BEBIDAS,"LUGARES PARA BEBER (BEBIDAS ALCOHÓLICAS) – BARES, TABERNAS, CLUBES NOCTURNOS, SALAS DE CÓCTELES Y DISCOTECAS. (DISCOTECAS, PEÑAS, BARES Y PUB'S) (AGRUPA RUBROS: 5812-5813-5814-5499)"
5499,RESTAURANTES,FERIAS LIBRES Y MERCADO DE ALIMENTACION,ALIMENTOS EN GENERAL,TIENDAS MISCELÁNEAS DE COMIDA – TIENDAS DE CONVENIENCIA Y MERCADOS ESPECIALIZADOS. (AGRUPA RUBROS: 5812-5813-5814-5499)
5812,RESTAURANTES,BOITES Y CLUBES NOCTURNOS,CONSUMO DE ALIMENTOS Y BEBIDAS,LUGARES PARA COMER Y RESTAURANTES (RESTAURANTES) (AGRUPA RUBROS: 5812-5813-5814-5499)
5813,RESTAURANTES,BOITES Y CLUBES NOCTURNOS,CONSUMO DE ALIMENTOS Y BEBIDAS,"LUGARES PARA BEBER (BEBIDAS ALCOHÓLICAS) – BARES, TABERNAS, CLUBES NOCTURNOS, SALAS DE CÓCTELES Y DISCOTECAS. (DISCOTECAS, PEÑAS, BARES Y PUB'S) (AGRUPA RUBROS: 5812-5813-5814-5499)"
5812,RESTAURANTES,CAFETERIAS Y SALONES DE TE,CONSUMO DE ALIMENTOS Y BEBIDAS,LUGARES PARA COMER Y RESTAURANTES (RESTAURANTES) (AGRUPA RUBROS: 5812-5813-5814-5499)
5812,RESTAURANTES,CLUBES SOCIALES,CONSUMO DE ALIMENTOS Y BEBIDAS,LUGARES PARA COMER Y RESTAURANTES (RESTAURANTES) (AGRUPA RUBROS: 5812-5813-5814-5499)
5813,RESTAURANTES,DISCOTHEQUES,CONSUMO DE ALIMENTOS Y BEBIDAS,"LUGARES PARA BEBER (BEBIDAS ALCOHÓLICAS) – BARES, TABERNAS, CLUBES NOCTURNOS, SALAS DE CÓCTELES Y DISCOTECAS. (DISCOTECAS, PEÑAS, BARES Y PUB'S) (AGRUPA RUBROS: 5812-5813-5814-5499)"
5812,RESTAURANTES,APUESTAS Y JUEGOS DE AZAR,CONSUMO DE ALIMENTOS Y BEBIDAS,LUGARES PARA COMER Y RESTAURANTES (RESTAURANTES) (AGRUPA RUBROS: 5812-5813-5814-5499)
5814,RESTAURANTES,ENTRETENIMIENTOS ELECTRONICOS PARQUE DIVERSIONES,CONSUMO DE ALIMENTOS Y BEBIDAS,"RESTAURANTES DE COMIDA RÁPIDA (CAFETERIAS, SNAKS, SERVICIO EXPRESS) (AGRUPA RUBROS: 5812-5813-5814-5499)"
5812,RESTAURANTES,HELADERIAS,CONSUMO DE ALIMENTOS Y BEBIDAS,LUGARES PARA COMER Y RESTAURANTES (RESTAURANTES) (AGRUPA RUBROS: 5812-5813-5814-5499)
5812,RESTAURANTES,PIZZERIAS,CONSUMO DE ALIMENTOS Y BEBIDAS,LUGARES PARA COMER Y RESTAURANTES (RESTAURANTES) (AGRUPA RUBROS: 5812-5813-5814-5499)
5499,RESTAURANTES,RESTAURANTES,ALIMENTOS EN GENERAL,TIENDAS MISCELÁNEAS DE COMIDA – TIENDAS DE CONVENIENCIA Y MERCADOS ESPECIALIZADOS. (AGRUPA RUBROS: 5812-5813-5814-5499)
5812,RESTAURANTES,RESTAURANTES,CONSUMO DE ALIMENTOS Y BEBIDAS,LUGARES PARA COMER Y RESTAURANTES (RESTAURANTES) (AGRUPA RUBROS: 5812-5813-5814-5499)
5814,RESTAURANTES,RESTAURANTES,CONSUMO DE ALIMENTOS Y BEBIDAS,"RESTAURANTES DE COMIDA RÁPIDA (CAFETERIAS, SNAKS, SERVICIO EXPRESS) (AGRUPA RUBROS: 5812-5813-5814-5499)"
5812,RESTAURANTES,RESTAURANT DE HOTELES,CONSUMO DE ALIMENTOS Y BEBIDAS,LUGARES PARA COMER Y RESTAURANTES (RESTAURANTES) (AGRUPA RUBROS: 5812-5813-5814-5499)
5499,RESTAURANTES,TIENDAS DE CONVENIENCIA,ALIMENTOS EN GENERAL,TIENDAS MISCELÁNEAS DE COMIDA – TIENDAS DE CONVENIENCIA Y MERCADOS ESPECIALIZADOS. (AGRUPA RUBROS: 5812-5813-5814-5499)
5812,RESTAURANTES,TIENDAS DE CONVENIENCIA,CONSUMO DE ALIMENTOS Y BEBIDAS,LUGARES PARA COMER Y RESTAURANTES (RESTAURANTES) (AGRUPA RUBROS: 5812-5813-5814-5499)
5499,RESTAURANTES,TIENDAS DE CONVENIENCIA COPEC,ALIMENTOS EN GENERAL,TIENDAS MISCELÁNEAS DE COMIDA – TIENDAS DE CONVENIENCIA Y MERCADOS ESPECIALIZADOS. (AGRUPA RUBROS: 5812-5813-5814-5499)
5499,RESTAURANTES,TIENDAS DE CONVENIENCIA SHELL,ALIMENTOS EN GENERAL,TIENDAS MISCELÁNEAS DE COMIDA – TIENDAS DE CONVENIENCIA Y MERCADOS ESPECIALIZADOS. (AGRUPA RUBROS: 5812-5813-5814-5499)
5499,RESTAURANTES,SERVICIOS ESPECIALIZADOS AUTOMOTRICES,ALIMENTOS EN GENERAL,TIENDAS MISCELÁNEAS DE COMIDA – TIENDAS DE CONVENIENCIA Y MERCADOS ESPECIALIZADOS. (AGRUPA RUBROS: 5812-5813-5814-5499)
5499,RESTAURANTES,TIENDAS DE CONVENIENCIA PETROBRAS,ALIMENTOS EN GENERAL,TIENDAS MISCELÁNEAS DE COMIDA – TIENDAS DE CONVENIENCIA Y MERCADOS ESPECIALIZADOS. (AGRUPA RUBROS: 5812-5813-5814-5499)
5499,RESTAURANTES,,ALIMENTOS EN GENERAL,TIENDAS MISCELÁNEAS DE COMIDA – TIENDAS DE CONVENIENCIA Y MERCADOS ESPECIALIZADOS. (AGRUPA RUBROS: 5812-5813-5814-5499)
5812,RESTAURANTES,HOTELES CINCO ESTRELLAS,CONSUMO DE ALIMENTOS Y BEBIDAS,LUGARES PARA COMER Y RESTAURANTES (RESTAURANTES) (AGRUPA RUBROS: 5812-5813-5814-5499)
5812,RESTAURANTES,HOTELES,CONSUMO DE ALIMENTOS Y BEBIDAS,LUGARES PARA COMER Y RESTAURANTES (RESTAURANTES) (AGRUPA RUBROS: 5812-5813-5814-5499)
5812,RESTAURANTES,MOTELES,CONSUMO DE ALIMENTOS Y BEBIDAS,LUGARES PARA COMER Y RESTAURANTES (RESTAURANTES) (AGRUPA RUBROS: 5812-5813-5814-5499)
5812,RESTAURANTES,RESIDENCIALES,CONSUMO DE ALIMENTOS Y BEBIDAS,LUGARES PARA COMER Y RESTAURANTES (RESTAURANTES) (AGRUPA RUBROS: 5812-5813-5814-5499)
5812,RESTAURANTES,TIENDAS DE ROPA PARA LA FAMILIA,CONSUMO DE ALIMENTOS Y BEBIDAS,LUGARES PARA COMER Y RESTAURANTES (RESTAURANTES) (AGRUPA RUBROS: 5812-5813-5814-5499)
5812,RESTAURANTES,VESTUARIO PARA MUJER,CONSUMO DE ALIMENTOS Y BEBIDAS,LUGARES PARA COMER Y RESTAURANTES (RESTAURANTES) (AGRUPA RUBROS: 5812-5813-5814-5499)
5812,RESTAURANTES,ARTICULOS ELECTRONICOS,CONSUMO DE ALIMENTOS Y BEBIDAS,LUGARES PARA COMER Y RESTAURANTES (RESTAURANTES) (AGRUPA RUBROS: 5812-5813-5814-5499)
5814,RESTAURANTES,CORTINAS Y TAPICES,CONSUMO DE ALIMENTOS Y BEBIDAS,"RESTAURANTES DE COMIDA RÁPIDA (CAFETERIAS, SNAKS, SERVICIO EXPRESS) (AGRUPA RUBROS: 5812-5813-5814-5499)"
5812,RESTAURANTES,ARTICULOS DE REGALO Y SOUVENIRS,CONSUMO DE ALIMENTOS Y BEBIDAS,LUGARES PARA COMER Y RESTAURANTES (RESTAURANTES) (AGRUPA RUBROS: 5812-5813-5814-5499)
5812,RESTAURANTES,CORDONERIAS Y PAQUETERIAS,CONSUMO DE ALIMENTOS Y BEBIDAS,LUGARES PARA COMER Y RESTAURANTES (RESTAURANTES) (AGRUPA RUBROS: 5812-5813-5814-5499)
5499,RESTAURANTES,MALETERIAS,ALIMENTOS EN GENERAL,TIENDAS MISCELÁNEAS DE COMIDA – TIENDAS DE CONVENIENCIA Y MERCADOS ESPECIALIZADOS. (AGRUPA RUBROS: 5812-5813-5814-5499)
5499,RESTAURANTES,PERFUMERIAS,ALIMENTOS EN GENERAL,TIENDAS MISCELÁNEAS DE COMIDA – TIENDAS DE CONVENIENCIA Y MERCADOS ESPECIALIZADOS. (AGRUPA RUBROS: 5812-5813-5814-5499)
4900,SERVICIOS BÁSICOS,ELECTRICAS,SERVICIOS PUBLICOS,"SERVICIOS ELECTRICIDAD, AGUA, SANITARIOS (AGRUPA RUBROS: 4814-4900)"
4900,SERVICIOS BÁSICOS,SANITARIAS,SERVICIOS PUBLICOS,"SERVICIOS ELECTRICIDAD, AGUA, SANITARIOS (AGRUPA RUBROS: 4814-4900)"
4900,SERVICIOS BÁSICOS,GAS NATURAL,SERVICIOS PUBLICOS,"SERVICIOS ELECTRICIDAD, AGUA, SANITARIOS (AGRUPA RUBROS: 4814-4900)"
4814,SERVICIOS BÁSICOS,SERVICIOS TELECOMUNICACIONES,SERVICIOS DE COMUNICACION,"SERVICIOS DE TELECOMUNICACIÓN INCLUYENDO LLAMADAS LOCALES Y DE LARGA DISTANCIA, LLAMADAS CON TARJETA DE CRÉDITO A TRAVÉS DE TELÉFONOS CON LECTORA DE BANDA MAGNÉTICA Y SERVICIOS DE FAX. (AGRUPA RUBROS: 4814-4900)"
4814,SERVICIOS BÁSICOS,TELEFONIA MOVIL,SERVICIOS DE COMUNICACION,"SERVICIOS DE TELECOMUNICACIÓN INCLUYENDO LLAMADAS LOCALES Y DE LARGA DISTANCIA, LLAMADAS CON TARJETA DE CRÉDITO A TRAVÉS DE TELÉFONOS CON LECTORA DE BANDA MAGNÉTICA Y SERVICIOS DE FAX. (AGRUPA RUBROS: 4814-4900)"
4814,SERVICIOS BÁSICOS,TELEFONIA FIJA,SERVICIOS DE COMUNICACION,"SERVICIOS DE TELECOMUNICACIÓN INCLUYENDO LLAMADAS LOCALES Y DE LARGA DISTANCIA, LLAMADAS CON TARJETA DE CRÉDITO A TRAVÉS DE TELÉFONOS CON LECTORA DE BANDA MAGNÉTICA Y SERVICIOS DE FAX. (AGRUPA RUBROS: 4814-4900)"
4900,SERVICIOS BÁSICOS,TELEFONIA FIJA,SERVICIOS PUBLICOS,"SERVICIOS ELECTRICIDAD, AGUA, SANITARIOS (AGRUPA RUBROS: 4814-4900)"
4900,SERVICIOS BÁSICOS,SANITARIAS VIP,SERVICIOS PUBLICOS,"SERVICIOS ELECTRICIDAD, AGUA, SANITARIOS (AGRUPA RUBROS: 4814-4900)"
4900,SERVICIOS BÁSICOS,ELECTRICAS VIP,SERVICIOS PUBLICOS,"SERVICIOS ELECTRICIDAD, AGUA, SANITARIOS (AGRUPA RUBROS: 4814-4900)"
4900,SERVICIOS BÁSICOS,GAS NATURAL VIP,SERVICIOS PUBLICOS,"SERVICIOS ELECTRICIDAD, AGUA, SANITARIOS (AGRUPA RUBROS: 4814-4900)"
4814,SERVICIOS BÁSICOS,TELEFONIA FIJA VIP,SERVICIOS DE COMUNICACION,"SERVICIOS DE TELECOMUNICACIÓN INCLUYENDO LLAMADAS LOCALES Y DE LARGA DISTANCIA, LLAMADAS CON TARJETA DE CRÉDITO A TRAVÉS DE TELÉFONOS CON LECTORA DE BANDA MAGNÉTICA Y SERVICIOS DE FAX. (AGRUPA RUBROS: 4814-4900)"
4900,SERVICIOS BÁSICOS,TELEFONIA FIJA VIP,SERVICIOS PUBLICOS,"SERVICIOS ELECTRICIDAD, AGUA, SANITARIOS (AGRUPA RUBROS: 4814-4900)"
4900,SERVICIOS BÁSICOS,,SERVICIOS PUBLICOS,"SERVICIOS ELECTRICIDAD, AGUA, SANITARIOS (AGRUPA RUBROS: 4814-4900)"
4900,SERVICIOS BÁSICOS,EMPRESAS RECAUDADORAS,SERVICIOS PUBLICOS,"SERVICIOS ELECTRICIDAD, AGUA, SANITARIOS (AGRUPA RUBROS: 4814-4900)"
4900,SERVICIOS BÁSICOS,COMPANIA GAS LICUADO,SERVICIOS PUBLICOS,"SERVICIOS ELECTRICIDAD, AGUA, SANITARIOS (AGRUPA RUBROS: 4814-4900)"
4900,SERVICIOS BÁSICOS,DISTRIBUIDORES,SERVICIOS PUBLICOS,"SERVICIOS ELECTRICIDAD, AGUA, SANITARIOS (AGRUPA RUBROS: 4814-4900)"
4900,SERVICIOS BÁSICOS,"ARTICULOS, SISTEMAS ELECTRICOS Y ELECTRONICOS",SERVICIOS PUBLICOS,"SERVICIOS ELECTRICIDAD, AGUA, SANITARIOS (AGRUPA RUBROS: 4814-4900)"
4900,SERVICIOS BÁSICOS,OTROS DEL RUBRO ESPECIALIDADES,SERVICIOS PUBLICOS,"SERVICIOS ELECTRICIDAD, AGUA, SANITARIOS (AGRUPA RUBROS: 4814-4900)"
5411,SUPERMERCADOS,SUPERMERCADOS CASO A CASO,ALIMENTOS EN GENERAL,"TIENDAS DE COMESTIBLES Y SUPERMERCADOS (MINIMARKETS, BODEGAS Y SUPERMERCADOS)"
5411,SUPERMERCADOS,SUPERMERCADOS,ALIMENTOS EN GENERAL,"TIENDAS DE COMESTIBLES Y SUPERMERCADOS (MINIMARKETS, BODEGAS Y SUPERMERCADOS)"
5411,SUPERMERCADOS,MINIMARKET,ALIMENTOS EN GENERAL,"TIENDAS DE COMESTIBLES Y SUPERMERCADOS (MINIMARKETS, BODEGAS Y SUPERMERCADOS)"
5411,SUPERMERCADOS,VINOS Y LICORES,ALIMENTOS EN GENERAL,"TIENDAS DE COMESTIBLES Y SUPERMERCADOS (MINIMARKETS, BODEGAS Y SUPERMERCADOS)"
5411,SUPERMERCADOS,RESTAURANTES,ALIMENTOS EN GENERAL,"TIENDAS DE COMESTIBLES Y SUPERMERCADOS (MINIMARKETS, BODEGAS Y SUPERMERCADOS)"
5411,SUPERMERCADOS,GRANDES TIENDAS,ALIMENTOS EN GENERAL,"TIENDAS DE COMESTIBLES Y SUPERMERCADOS (MINIMARKETS, BODEGAS Y SUPERMERCADOS)"
5411,SUPERMERCADOS,ARTICULOS ELECTRONICOS,ALIMENTOS EN GENERAL,"TIENDAS DE COMESTIBLES Y SUPERMERCADOS (MINIMARKETS, BODEGAS Y SUPERMERCADOS)"
5651,VESTUARIO,GRANDES TIENDAS,VESTIMENTA E INDUMENTARIA,TIENDAS DE ROPA FAMILIAR
5651,VESTUARIO,PANTALONES,VESTIMENTA E INDUMENTARIA,TIENDAS DE ROPA FAMILIAR
5651,VESTUARIO,TIENDAS Y FABRICAS DE TEJIDOS,VESTIMENTA E INDUMENTARIA,TIENDAS DE ROPA FAMILIAR
5651,VESTUARIO,TIENDAS DE ROPA PARA LA FAMILIA,VESTIMENTA E INDUMENTARIA,TIENDAS DE ROPA FAMILIAR
5651,VESTUARIO,VESTUARIO PARA HOMBRES,VESTIMENTA E INDUMENTARIA,TIENDAS DE ROPA FAMILIAR
5651,VESTUARIO,VESTUARIO PARA MUJER,VESTIMENTA E INDUMENTARIA,TIENDAS DE ROPA FAMILIAR
5661,ZAPATERÍAS,TIENDAS DE CALZADO PARA LA FAMILIA,VESTIMENTA E INDUMENTARIA,"ZAPATERIAS (PARTE DE VESTUARIO, RUBRO: 5651)"
5661,ZAPATERÍAS,TIENDAS DE ROPA PARA LA FAMILIA,VESTIMENTA E INDUMENTARIA,"ZAPATERIAS (PARTE DE VESTUARIO, RUBRO: 5651)"
5661,ZAPATERÍAS,ARTICULOS PARA HOMBRES,VESTIMENTA E INDUMENTARIA,"ZAPATERIAS (PARTE DE VESTUARIO, RUBRO: 5651)"
5661,ZAPATERÍAS,CALZADOS PARA HOMBRES,VESTIMENTA E INDUMENTARIA,"ZAPATERIAS (PARTE DE VESTUARIO, RUBRO: 5651)"
5661,ZAPATERÍAS,CALZADOS PARA MUJER,VESTIMENTA E INDUMENTARIA,"ZAPATERIAS (PARTE DE VESTUARIO, RUBRO: 5651)"
5661,ZAPATERÍAS,CALZADOS PARA NINOS Y GUAGUAS,VESTIMENTA E INDUMENTARIA,"ZAPATERIAS (PARTE DE VESTUARIO, RUBRO: 5651)"